Smoking prevalence - routine & manual,2011,E06000001,Hartlepool,29.68,25.20,34.16,,400.00,Persons,18+ yrs,
Smoking prevalence - routine & manual,2011,E06000002,Middlesbrough,27.86,23.33,32.38,,377.00,Persons,18+ yrs,
Smoking prevalence - routine & manual,2011,E06000003,Redcar and Cleveland,27.61,23.14,32.08,,384.00,Persons,18+ yrs,
Smoking prevalence - routine & manual,2011,E06000004,Stockton-on-Tees,24.48,20.00,28.95,,355.00,Persons,18+ yrs,
Smoking prevalence - routine & manual,2011,E06000005,Darlington,36.08,30.95,41.20,,337.00,Persons,18+ yrs,
Smoking prevalence - routine & manual,2011,E06000006,Halton,30.75,26.06,35.44,,372.00,Persons,18+ yrs,
Smoking prevalence - routine & manual,2011,E06000007,Warrington,20.32,15.59,25.05,,278.00,Persons,18+ yrs,
Smoking prevalence - routine & manual,2011,E06000008,Blackburn with Darwen,40.79,35.89,45.69,,386.00,Persons,18+ yrs,
Smoking prevalence - routine & manual,2011,E06000009,Blackpool,35.35,30.79,39.92,,421.00,Persons,18+ yrs,
Smoking prevalence - routine & manual,2011,E06000010,Kingston upon Hull,38.79,34.12,43.45,,419.00,Persons,18+ yrs,
Smoking prevalence - routine & manual,2011,E06000011,East Riding of Yorkshire,29.73,24.44,35.02,,287.00,Persons,18+ yrs,
Smoking prevalence - routine & manual,2011,E06000012,North East Lincolnshire,32.63,28.22,37.05,,433.00,Persons,18+ yrs,
Smoking prevalence - routine & manual,2011,E06000013,North Lincolnshire,33.45,29.07,37.84,,445.00,Persons,18+ yrs,
Smoking prevalence - routine & manual,2011,E06000014,York,23.96,18.84,29.08,,267.00,Persons,18+ yrs,
Smoking prevalence - routine & manual,2011,E06000015,Derby,26.90,22.47,31.32,,386.00,Persons,18+ yrs,
Smoking prevalence - routine & manual,2011,E06000016,Leicester,24.68,20.47,28.90,,402.00,Persons,18+ yrs,
Smoking prevalence - routine & manual,2011,E06000017,Rutland,33.31,23.23,43.39,,84.00,Persons,18+ yrs,
Smoking prevalence - routine & manual,2011,E06000018,Nottingham,32.60,27.97,37.23,,394.00,Persons,18+ yrs,
Smoking prevalence - routine & manual,2011,E06000019,Herefordshire,29.95,25.03,34.87,,333.00,Persons,18+ yrs,
Smoking prevalence - routine & manual,2011,E06000020,Telford and Wrekin,31.78,27.12,36.45,,383.00,Persons,18+ yrs,
Smoking prevalence - routine & manual,2011,E06000021,Stoke-on-Trent,34.65,30.26,39.05,,450.00,Persons,18+ yrs,
Smoking prevalence - routine & manual,2011,E06000022,Bath and North East Somerset,26.59,20.88,32.30,,230.00,Persons,18+ yrs,
Smoking prevalence - routine & manual,2011,E06000023,Bristol,30.58,24.97,36.19,,259.00,Persons,18+ yrs,
Smoking prevalence - routine & manual,2011,E06000024,North Somerset,26.86,21.42,32.30,,255.00,Persons,18+ yrs,
Smoking prevalence - routine & manual,2011,E06000025,South Gloucestershire,26.53,21.16,31.89,,260.00,Persons,18+ yrs,
Smoking prevalence - routine & manual,2011,E06000026,Plymouth,32.25,27.41,37.10,,358.00,Persons,18+ yrs,
Smoking prevalence - routine & manual,2011,E06000027,Torbay,32.62,27.53,37.71,,326.00,Persons,18+ yrs,
Smoking prevalence - routine & manual,2011,E06000028,Bournemouth,31.34,26.18,36.49,,311.00,Persons,18+ yrs,
Smoking prevalence - routine & manual,2011,E06000029,Poole,27.44,22.60,32.27,,327.00,Persons,18+ yrs,
Smoking prevalence - routine & manual,2011,E06000030,Swindon,28.84,23.64,34.05,,291.00,Persons,18+ yrs,
Smoking prevalence - routine & manual,2011,E06000031,Peterborough,36.61,31.44,41.77,,334.00,Persons,18+ yrs,
Smoking prevalence - routine & manual,2011,E06000032,Luton,26.84,22.14,31.55,,341.00,Persons,18+ yrs,
Smoking prevalence - routine & manual,2011,E06000033,Southend-on-Sea,30.58,25.32,35.85,,294.00,Persons,18+ yrs,
Smoking prevalence - routine & manual,2011,E06000034,Thurrock,28.36,23.55,33.16,,338.00,Persons,18+ yrs,
Smoking prevalence - routine & manual,2011,E06000035,Medway,35.23,30.29,40.17,,359.00,Persons,18+ yrs,
Smoking prevalence - routine & manual,2011,E06000036,Bracknell Forest,34.19,28.57,39.81,,274.00,Persons,18+ yrs,
Smoking prevalence - routine & manual,2011,E06000037,West Berkshire,35.01,29.12,40.90,,252.00,Persons,18+ yrs,
Smoking prevalence - routine & manual,2011,E06000038,Reading,32.06,26.54,37.59,,274.00,Persons,18+ yrs,
Smoking prevalence - routine & manual,2011,E06000039,Slough,29.75,24.98,34.52,,353.00,Persons,18+ yrs,
Smoking prevalence - routine & manual,2011,E06000040,Windsor and Maidenhead,24.00,16.77,31.23,,134.00,Persons,18+ yrs,
Smoking prevalence - routine & manual,2011,E06000041,Wokingham,27.68,20.79,34.57,,162.00,Persons,18+ yrs,
Smoking prevalence - routine & manual,2011,E06000042,Milton Keynes,27.17,21.79,32.56,,262.00,Persons,18+ yrs,
Smoking prevalence - routine & manual,2011,E06000043,Brighton and Hove,32.82,26.38,39.27,,204.00,Persons,18+ yrs,
Smoking prevalence - routine & manual,2011,E06000044,Portsmouth,29.39,24.18,34.61,,293.00,Persons,18+ yrs,
Smoking prevalence - routine & manual,2011,E06000045,Southampton,36.76,31.65,41.87,,342.00,Persons,18+ yrs,
Smoking prevalence - routine & manual,2011,E06000046,Isle of Wight,29.25,24.66,33.85,,376.00,Persons,18+ yrs,
Smoking prevalence - routine & manual,2011,E06000047,County Durham,25.96,21.71,30.21,,409.00,Persons,18+ yrs,
Smoking prevalence - routine & manual,2011,E06000049,Cheshire East,27.34,21.21,33.47,,203.00,Persons,18+ yrs,
Smoking prevalence - routine & manual,2011,E06000050,Cheshire West and Chester,25.94,19.63,32.26,,185.00,Persons,18+ yrs,
Smoking prevalence - routine & manual,2011,E06000051,Shropshire,30.13,25.13,35.12,,324.00,Persons,18+ yrs,
Smoking prevalence - routine & manual,2011,E06000052,Cornwall,32.76,28.10,37.42,,390.00,Persons,18+ yrs,Value for Cornwall & Isles of Scilly combined
Smoking prevalence - routine & manual,2011,E06000053,Isles of Scilly,,,,,,Persons,18+ yrs,Value for Cornwall & Isles of Scilly combined
Smoking prevalence - routine & manual,2011,E06000054,Wiltshire,25.95,20.63,31.27,,261.00,Persons,18+ yrs,
Smoking prevalence - routine & manual,2011,E06000055,Bedford,27.13,18.41,35.84,,100.00,Persons,18+ yrs,
Smoking prevalence - routine & manual,2011,E06000056,Central Bedfordshire,23.30,16.65,29.96,,155.00,Persons,18+ yrs,
Smoking prevalence - routine & manual,2011,E06000057,Northumberland,26.28,21.21,31.36,,289.00,Persons,18+ yrs,
Smoking prevalence - routine & manual,2011,E08000001,Bolton,35.10,30.10,40.11,,349.00,Persons,18+ yrs,
Smoking prevalence - routine & manual,2011,E08000002,Bury,34.05,28.29,39.81,,260.00,Persons,18+ yrs,
Smoking prevalence - routine & manual,2011,E08000003,Manchester,36.28,31.08,41.48,,329.00,Persons,18+ yrs,
Smoking prevalence - routine & manual,2011,E08000004,Oldham,37.09,32.31,41.87,,393.00,Persons,18+ yrs,
Smoking prevalence - routine & manual,2011,E08000005,Rochdale,31.37,26.57,36.18,,358.00,Persons,18+ yrs,
Smoking prevalence - routine & manual,2011,E08000006,Salford,35.50,30.66,40.34,,376.00,Persons,18+ yrs,
Smoking prevalence - routine & manual,2011,E08000007,Stockport,40.97,34.94,46.99,,256.00,Persons,18+ yrs,
Smoking prevalence - routine & manual,2011,E08000008,Tameside,33.88,28.51,39.24,,299.00,Persons,18+ yrs,
Smoking prevalence - routine & manual,2011,E08000009,Trafford,30.31,24.48,36.14,,239.00,Persons,18+ yrs,
Smoking prevalence - routine & manual,2011,E08000010,Wigan,32.40,27.36,37.44,,331.00,Persons,18+ yrs,
Smoking prevalence - routine & manual,2011,E08000011,Knowsley,39.05,34.11,43.99,,375.00,Persons,18+ yrs,
Smoking prevalence - routine & manual,2011,E08000012,Liverpool,32.21,27.34,37.08,,354.00,Persons,18+ yrs,
Smoking prevalence - routine & manual,2011,E08000013,St. Helens,30.08,24.99,35.17,,312.00,Persons,18+ yrs,
Smoking prevalence - routine & manual,2011,E08000014,Sefton,28.63,23.00,34.27,,247.00,Persons,18+ yrs,
Smoking prevalence - routine & manual,2011,E08000015,Wirral,29.76,24.85,34.67,,333.00,Persons,18+ yrs,
Smoking prevalence - routine & manual,2011,E08000016,Barnsley,32.54,28.04,37.05,,415.00,Persons,18+ yrs,
Smoking prevalence - routine & manual,2011,E08000017,Doncaster,33.77,29.32,38.22,,434.00,Persons,18+ yrs,
Smoking prevalence - routine & manual,2011,E08000018,Rotherham,28.90,24.41,33.38,,393.00,Persons,18+ yrs,
Smoking prevalence - routine & manual,2011,E08000019,Sheffield,28.87,23.86,33.87,,315.00,Persons,18+ yrs,
Smoking prevalence - routine & manual,2011,E08000021,Newcastle upon Tyne,33.64,28.34,38.95,,305.00,Persons,18+ yrs,
Smoking prevalence - routine & manual,2011,E08000022,North Tyneside,35.10,29.71,40.49,,301.00,Persons,18+ yrs,
Smoking prevalence - routine & manual,2011,E08000023,South Tyneside,28.39,23.86,32.91,,382.00,Persons,18+ yrs,
Smoking prevalence - routine & manual,2011,E08000024,Sunderland,30.62,26.09,35.15,,398.00,Persons,18+ yrs,
Smoking prevalence - routine & manual,2011,E08000025,Birmingham,22.87,19.17,26.58,,494.00,Persons,18+ yrs,
Smoking prevalence - routine & manual,2011,E08000026,Coventry,23.36,19.10,27.63,,378.00,Persons,18+ yrs,
Smoking prevalence - routine & manual,2011,E08000027,Dudley,27.88,22.96,32.80,,319.00,Persons,18+ yrs,
Smoking prevalence - routine & manual,2011,E08000028,Sandwell,30.26,26.30,34.22,,517.00,Persons,18+ yrs,
Smoking prevalence - routine & manual,2011,E08000029,Solihull,25.01,19.84,30.18,,270.00,Persons,18+ yrs,
Smoking prevalence - routine & manual,2011,E08000030,Walsall,31.00,26.22,35.79,,359.00,Persons,18+ yrs,
Smoking prevalence - routine & manual,2011,E08000031,Wolverhampton,31.60,26.93,36.26,,382.00,Persons,18+ yrs,
Smoking prevalence - routine & manual,2011,E08000032,Bradford,31.88,27.20,36.56,,381.00,Persons,18+ yrs,
Smoking prevalence - routine & manual,2011,E08000033,Calderdale,30.64,25.78,35.50,,346.00,Persons,18+ yrs,
Smoking prevalence - routine & manual,2011,E08000034,Kirklees,32.27,27.26,37.28,,335.00,Persons,18+ yrs,
Smoking prevalence - routine & manual,2011,E08000035,Leeds,32.87,28.39,37.35,,423.00,Persons,18+ yrs,
Smoking prevalence - routine & manual,2011,E08000036,Wakefield,33.57,29.27,37.86,,465.00,Persons,18+ yrs,
Smoking prevalence - routine & manual,2011,E08000037,Gateshead,31.97,27.02,36.91,,342.00,Persons,18+ yrs,
Smoking prevalence - routine & manual,2011,E09000001,City of London,,,,,,Persons,18+ yrs,Disclosure control applied
Smoking prevalence - routine & manual,2011,E09000002,Barking and Dagenham,29.10,22.79,35.41,,199.00,Persons,18+ yrs,
Smoking prevalence - routine & manual,2011,E09000003,Barnet,39.48,28.42,50.54,,75.00,Persons,18+ yrs,
Smoking prevalence - routine & manual,2011,E09000004,Bexley,38.34,30.64,46.04,,153.00,Persons,18+ yrs,
Smoking prevalence - routine & manual,2011,E09000005,Brent,17.74,11.73,23.76,,155.00,Persons,18+ yrs,
Smoking prevalence - routine & manual,2011,E09000006,Bromley,24.27,16.07,32.47,,105.00,Persons,18+ yrs,
Smoking prevalence - routine & manual,2011,E09000007,Camden,29.43,19.63,39.24,,83.00,Persons,18+ yrs,
Smoking prevalence - routine & manual,2011,E09000008,Croydon,34.04,25.49,42.59,,118.00,Persons,18+ yrs,
Smoking prevalence - routine & manual,2011,E09000009,Ealing,20.86,13.68,28.04,,123.00,Persons,18+ yrs,
Smoking prevalence - routine & manual,2011,E09000010,Enfield,24.77,17.95,31.59,,154.00,Persons,18+ yrs,
Smoking prevalence - routine & manual,2011,E09000011,Greenwich,21.83,15.82,27.83,,182.00,Persons,18+ yrs,
Smoking prevalence - routine & manual,2011,E09000012,Hackney,25.63,18.13,33.14,,130.00,Persons,18+ yrs,
Smoking prevalence - routine & manual,2011,E09000013,Hammersmith and Fulham,23.73,15.59,31.87,,105.00,Persons,18+ yrs,
Smoking prevalence - routine & manual,2011,E09000014,Haringey,19.80,11.87,27.73,,97.00,Persons,18+ yrs,
Smoking prevalence - routine & manual,2011,E09000015,Harrow,23.78,16.16,31.40,,120.00,Persons,18+ yrs,
Smoking prevalence - routine & manual,2011,E09000016,Havering,32.88,24.30,41.47,,115.00,Persons,18+ yrs,
Smoking prevalence - routine & manual,2011,E09000017,Hillingdon,27.00,20.59,33.42,,184.00,Persons,18+ yrs,
Smoking prevalence - routine & manual,2011,E09000018,Hounslow,23.54,16.96,30.11,,160.00,Persons,18+ yrs,
Smoking prevalence - routine & manual,2011,E09000019,Islington,33.79,24.02,43.56,,90.00,Persons,18+ yrs,
Smoking prevalence - routine & manual,2011,E09000020,Kensington and Chelsea,24.60,15.28,33.92,,82.00,Persons,18+ yrs,
Smoking prevalence - routine & manual,2011,E09000021,Kingston upon Thames,29.45,21.16,37.75,,116.00,Persons,18+ yrs,
Smoking prevalence - routine & manual,2011,E09000022,Lambeth,29.84,21.44,38.23,,114.00,Persons,18+ yrs,
Smoking prevalence - routine & manual,2011,E09000023,Lewisham,25.42,16.62,34.23,,94.00,Persons,18+ yrs,
Smoking prevalence - routine & manual,2011,E09000024,Merton,23.47,16.35,30.59,,136.00,Persons,18+ yrs,
Smoking prevalence - routine & manual,2011,E09000025,Newham,21.29,15.39,27.19,,185.00,Persons,18+ yrs,
Smoking prevalence - routine & manual,2011,E09000026,Redbridge,16.02,9.43,22.62,,119.00,Persons,18+ yrs,
Smoking prevalence - routine & manual,2011,E09000027,Richmond upon Thames,27.40,16.55,38.24,,65.00,Persons,18+ yrs,
Smoking prevalence - routine & manual,2011,E09000028,Southwark,31.79,23.78,39.79,,130.00,Persons,18+ yrs,
Smoking prevalence - routine & manual,2011,E09000029,Sutton,34.39,25.82,42.96,,118.00,Persons,18+ yrs,
Smoking prevalence - routine & manual,2011,E09000030,Tower Hamlets,34.47,25.59,43.35,,110.00,Persons,18+ yrs,
Smoking prevalence - routine & manual,2011,E09000031,Waltham Forest,31.57,23.95,39.18,,143.00,Persons,18+ yrs,
Smoking prevalence - routine & manual,2011,E09000032,Wandsworth,26.32,17.06,35.57,,87.00,Persons,18+ yrs,
Smoking prevalence - routine & manual,2011,E09000033,Westminster,24.47,15.43,33.50,,87.00,Persons,18+ yrs,
Smoking prevalence - routine & manual,2011,E10000002,Buckinghamshire,28.81,22.45,35.16,,195.00,Persons,18+ yrs,
Smoking prevalence - routine & manual,2011,E10000003,Cambridgeshire,35.02,29.90,40.15,,333.00,Persons,18+ yrs,
Smoking prevalence - routine & manual,2011,E10000006,Cumbria,31.88,27.55,36.20,,446.00,Persons,18+ yrs,
Smoking prevalence - routine & manual,2011,E10000007,Derbyshire,30.24,25.89,34.59,,429.00,Persons,18+ yrs,
Smoking prevalence - routine & manual,2011,E10000008,Devon,34.43,29.98,38.89,,437.00,Persons,18+ yrs,
Smoking prevalence - routine & manual,2011,E10000009,Dorset,28.66,23.86,33.46,,341.00,Persons,18+ yrs,
Smoking prevalence - routine & manual,2011,E10000011,East Sussex,31.93,26.50,37.37,,283.00,Persons,18+ yrs,
Smoking prevalence - routine & manual,2011,E10000012,Essex,29.72,26.26,33.18,,670.00,Persons,18+ yrs,
Smoking prevalence - routine & manual,2011,E10000013,Gloucestershire,27.90,22.63,33.17,,278.00,Persons,18+ yrs,
Smoking prevalence - routine & manual,2011,E10000014,Hampshire,30.02,26.30,33.74,,584.00,Persons,18+ yrs,
Smoking prevalence - routine & manual,2011,E10000015,Hertfordshire,29.27,24.92,33.63,,420.00,Persons,18+ yrs,
Smoking prevalence - routine & manual,2011,E10000016,Kent,29.57,26.13,33.00,,678.00,Persons,18+ yrs,
Smoking prevalence - routine & manual,2011,E10000017,Lancashire,35.28,31.61,38.95,,651.00,Persons,18+ yrs,
Smoking prevalence - routine & manual,2011,E10000018,Leicestershire,22.40,18.32,26.48,,401.00,Persons,18+ yrs,
Smoking prevalence - routine & manual,2011,E10000019,Lincolnshire,33.54,29.43,37.64,,508.00,Persons,18+ yrs,
Smoking prevalence - routine & manual,2011,E10000020,Norfolk,33.23,29.35,37.12,,564.00,Persons,18+ yrs,
Smoking prevalence - routine & manual,2011,E10000021,Northamptonshire,32.07,27.58,36.56,,415.00,Persons,18+ yrs,
Smoking prevalence - routine & manual,2011,E10000023,North Yorkshire,30.13,25.27,34.99,,342.00,Persons,18+ yrs,
Smoking prevalence - routine & manual,2011,E10000024,Nottinghamshire,30.00,25.81,34.18,,461.00,Persons,18+ yrs,
Smoking prevalence - routine & manual,2011,E10000025,Oxfordshire,31.91,26.34,37.48,,269.00,Persons,18+ yrs,
Smoking prevalence - routine & manual,2011,E10000027,Somerset,31.34,26.70,35.97,,385.00,Persons,18+ yrs,
Smoking prevalence - routine & manual,2011,E10000028,Staffordshire,29.28,25.42,33.15,,533.00,Persons,18+ yrs,
Smoking prevalence - routine & manual,2011,E10000029,Suffolk,31.48,27.38,35.57,,494.00,Persons,18+ yrs,
Smoking prevalence - routine & manual,2011,E10000030,Surrey,28.83,24.18,33.48,,364.00,Persons,18+ yrs,
Smoking prevalence - routine & manual,2011,E10000031,Warwickshire,33.86,28.85,38.87,,343.00,Persons,18+ yrs,
Smoking prevalence - routine & manual,2011,E10000032,West Sussex,29.67,24.95,34.39,,360.00,Persons,18+ yrs,
Smoking prevalence - routine & manual,2011,E10000034,Worcestershire,26.92,22.23,31.61,,343.00,Persons,18+ yrs,
Smoking prevalence - routine & manual,2012,E06000001,Hartlepool,33.22,28.71,37.72,,420.00,Persons,18+ yrs,
Smoking prevalence - routine & manual,2012,E06000002,Middlesbrough,32.10,27.52,36.68,,399.00,Persons,18+ yrs,
Smoking prevalence - routine & manual,2012,E06000003,Redcar and Cleveland,24.53,20.10,28.96,,362.00,Persons,18+ yrs,
Smoking prevalence - routine & manual,2012,E06000004,Stockton-on-Tees,34.85,29.56,40.14,,312.00,Persons,18+ yrs,
Smoking prevalence - routine & manual,2012,E06000005,Darlington,31.41,26.52,36.29,,347.00,Persons,18+ yrs,
Smoking prevalence - routine & manual,2012,E06000006,Halton,28.11,23.28,32.95,,332.00,Persons,18+ yrs,
Smoking prevalence - routine & manual,2012,E06000007,Warrington,30.17,24.53,35.82,,254.00,Persons,18+ yrs,
Smoking prevalence - routine & manual,2012,E06000008,Blackburn with Darwen,36.01,31.26,40.76,,392.00,Persons,18+ yrs,
Smoking prevalence - routine & manual,2012,E06000009,Blackpool,44.33,39.02,49.64,,336.00,Persons,18+ yrs,
Smoking prevalence - routine & manual,2012,E06000010,Kingston upon Hull,40.61,36.06,45.15,,448.00,Persons,18+ yrs,
Smoking prevalence - routine & manual,2012,E06000011,East Riding of Yorkshire,29.93,24.65,35.21,,289.00,Persons,18+ yrs,
Smoking prevalence - routine & manual,2012,E06000012,North East Lincolnshire,34.53,30.07,38.99,,437.00,Persons,18+ yrs,
Smoking prevalence - routine & manual,2012,E06000013,North Lincolnshire,35.10,30.67,39.52,,447.00,Persons,18+ yrs,
Smoking prevalence - routine & manual,2012,E06000014,York,26.24,21.32,31.17,,307.00,Persons,18+ yrs,
Smoking prevalence - routine & manual,2012,E06000015,Derby,28.42,24.03,32.81,,406.00,Persons,18+ yrs,
Smoking prevalence - routine & manual,2012,E06000016,Leicester,25.02,21.03,29.00,,454.00,Persons,18+ yrs,
Smoking prevalence - routine & manual,2012,E06000017,Rutland,20.40,9.23,31.57,,50.00,Persons,18+ yrs,
Smoking prevalence - routine & manual,2012,E06000018,Nottingham,30.19,25.69,34.69,,400.00,Persons,18+ yrs,
Smoking prevalence - routine & manual,2012,E06000019,Herefordshire,27.87,23.06,32.68,,334.00,Persons,18+ yrs,
Smoking prevalence - routine & manual,2012,E06000020,Telford and Wrekin,28.16,23.45,32.87,,350.00,Persons,18+ yrs,
Smoking prevalence - routine & manual,2012,E06000021,Stoke-on-Trent,37.45,32.78,42.13,,412.00,Persons,18+ yrs,
Smoking prevalence - routine & manual,2012,E06000022,Bath and North East Somerset,25.60,20.26,30.93,,257.00,Persons,18+ yrs,
Smoking prevalence - routine & manual,2012,E06000023,Bristol,27.63,21.80,33.46,,226.00,Persons,18+ yrs,
Smoking prevalence - routine & manual,2012,E06000024,North Somerset,20.12,15.13,25.11,,248.00,Persons,18+ yrs,
Smoking prevalence - routine & manual,2012,E06000025,South Gloucestershire,26.40,21.01,31.79,,257.00,Persons,18+ yrs,
Smoking prevalence - routine & manual,2012,E06000026,Plymouth,33.53,28.79,38.28,,380.00,Persons,18+ yrs,
Smoking prevalence - routine & manual,2012,E06000027,Torbay,32.23,27.25,37.21,,338.00,Persons,18+ yrs,
Smoking prevalence - routine & manual,2012,E06000028,Bournemouth,29.91,24.74,35.08,,301.00,Persons,18+ yrs,
Smoking prevalence - routine & manual,2012,E06000029,Poole,28.96,23.76,34.15,,293.00,Persons,18+ yrs,
Smoking prevalence - routine & manual,2012,E06000030,Swindon,29.39,24.01,34.78,,275.00,Persons,18+ yrs,
Smoking prevalence - routine & manual,2012,E06000031,Peterborough,34.32,28.98,39.65,,304.00,Persons,18+ yrs,
Smoking prevalence - routine & manual,2012,E06000032,Luton,30.10,25.09,35.11,,322.00,Persons,18+ yrs,
Smoking prevalence - routine & manual,2012,E06000033,Southend-on-Sea,30.84,25.32,36.36,,269.00,Persons,18+ yrs,
Smoking prevalence - routine & manual,2012,E06000034,Thurrock,27.33,22.04,32.61,,273.00,Persons,18+ yrs,
Smoking prevalence - routine & manual,2012,E06000035,Medway,34.50,29.72,39.29,,379.00,Persons,18+ yrs,
Smoking prevalence - routine & manual,2012,E06000036,Bracknell Forest,26.94,21.53,32.35,,258.00,Persons,18+ yrs,
Smoking prevalence - routine & manual,2012,E06000037,West Berkshire,31.02,25.12,36.92,,236.00,Persons,18+ yrs,
Smoking prevalence - routine & manual,2012,E06000038,Reading,27.76,22.55,32.97,,284.00,Persons,18+ yrs,
Smoking prevalence - routine & manual,2012,E06000039,Slough,34.07,28.49,39.66,,277.00,Persons,18+ yrs,
Smoking prevalence - routine & manual,2012,E06000040,Windsor and Maidenhead,30.48,23.52,37.44,,168.00,Persons,18+ yrs,
Smoking prevalence - routine & manual,2012,E06000041,Wokingham,23.98,17.15,30.82,,150.00,Persons,18+ yrs,
Smoking prevalence - routine & manual,2012,E06000042,Milton Keynes,28.58,23.33,33.84,,284.00,Persons,18+ yrs,
Smoking prevalence - routine & manual,2012,E06000043,Brighton and Hove,32.96,26.59,39.34,,209.00,Persons,18+ yrs,
Smoking prevalence - routine & manual,2012,E06000044,Portsmouth,33.84,28.57,39.12,,309.00,Persons,18+ yrs,
Smoking prevalence - routine & manual,2012,E06000045,Southampton,30.34,25.30,35.38,,320.00,Persons,18+ yrs,
Smoking prevalence - routine & manual,2012,E06000046,Isle of Wight,30.87,26.43,35.31,,416.00,Persons,18+ yrs,
Smoking prevalence - routine & manual,2012,E06000047,County Durham,28.87,24.32,33.42,,381.00,Persons,18+ yrs,
Smoking prevalence - routine & manual,2012,E06000049,Cheshire East,25.51,19.05,31.96,,175.00,Persons,18+ yrs,
Smoking prevalence - routine & manual,2012,E06000050,Cheshire West and Chester,23.69,17.42,29.95,,177.00,Persons,18+ yrs,
Smoking prevalence - routine & manual,2012,E06000051,Shropshire,31.85,26.64,37.06,,307.00,Persons,18+ yrs,
Smoking prevalence - routine & manual,2012,E06000052,Cornwall,30.98,26.46,35.50,,402.00,Persons,18+ yrs,Value for Cornwall & Isles of Scilly combined
Smoking prevalence - routine & manual,2012,E06000053,Isles of Scilly,,,,,,Persons,18+ yrs,Value for Cornwall & Isles of Scilly combined
Smoking prevalence - routine & manual,2012,E06000054,Wiltshire,26.42,21.27,31.56,,282.00,Persons,18+ yrs,
Smoking prevalence - routine & manual,2012,E06000055,Bedford,27.98,17.39,38.58,,69.00,Persons,18+ yrs,
Smoking prevalence - routine & manual,2012,E06000056,Central Bedfordshire,22.49,15.53,29.46,,138.00,Persons,18+ yrs,
Smoking prevalence - routine & manual,2012,E06000057,Northumberland,27.41,22.25,32.57,,287.00,Persons,18+ yrs,
Smoking prevalence - routine & manual,2012,E08000001,Bolton,35.16,29.84,40.47,,310.00,Persons,18+ yrs,
Smoking prevalence - routine & manual,2012,E08000002,Bury,29.39,23.72,35.06,,248.00,Persons,18+ yrs,
Smoking prevalence - routine & manual,2012,E08000003,Manchester,33.61,28.74,38.49,,361.00,Persons,18+ yrs,
Smoking prevalence - routine & manual,2012,E08000004,Oldham,36.25,31.23,41.27,,352.00,Persons,18+ yrs,
Smoking prevalence - routine & manual,2012,E08000005,Rochdale,33.87,28.88,38.87,,345.00,Persons,18+ yrs,
Smoking prevalence - routine & manual,2012,E08000006,Salford,34.52,29.60,39.45,,358.00,Persons,18+ yrs,
Smoking prevalence - routine & manual,2012,E08000007,Stockport,37.06,31.12,43.00,,254.00,Persons,18+ yrs,
Smoking prevalence - routine & manual,2012,E08000008,Tameside,34.88,29.75,40.02,,331.00,Persons,18+ yrs,
Smoking prevalence - routine & manual,2012,E08000009,Trafford,28.92,22.90,34.94,,218.00,Persons,18+ yrs,
Smoking prevalence - routine & manual,2012,E08000010,Wigan,30.22,25.71,34.73,,398.00,Persons,18+ yrs,
Smoking prevalence - routine & manual,2012,E08000011,Knowsley,31.44,26.29,36.59,,312.00,Persons,18+ yrs,
Smoking prevalence - routine & manual,2012,E08000012,Liverpool,32.55,27.55,37.55,,337.00,Persons,18+ yrs,
Smoking prevalence - routine & manual,2012,E08000013,St. Helens,34.70,29.58,39.83,,332.00,Persons,18+ yrs,
Smoking prevalence - routine & manual,2012,E08000014,Sefton,30.64,25.06,36.22,,262.00,Persons,18+ yrs,
Smoking prevalence - routine & manual,2012,E08000015,Wirral,23.99,19.33,28.65,,322.00,Persons,18+ yrs,
Smoking prevalence - routine & manual,2012,E08000016,Barnsley,31.40,26.90,35.91,,408.00,Persons,18+ yrs,
Smoking prevalence - routine & manual,2012,E08000017,Doncaster,39.69,34.77,44.60,,381.00,Persons,18+ yrs,
Smoking prevalence - routine & manual,2012,E08000018,Rotherham,30.54,25.98,35.10,,392.00,Persons,18+ yrs,
Smoking prevalence - routine & manual,2012,E08000019,Sheffield,33.04,27.80,38.29,,309.00,Persons,18+ yrs,
Smoking prevalence - routine & manual,2012,E08000021,Newcastle upon Tyne,34.95,29.67,40.22,,314.00,Persons,18+ yrs,
Smoking prevalence - routine & manual,2012,E08000022,North Tyneside,34.23,28.96,39.49,,312.00,Persons,18+ yrs,
Smoking prevalence - routine & manual,2012,E08000023,South Tyneside,27.01,22.70,31.32,,407.00,Persons,18+ yrs,
Smoking prevalence - routine & manual,2012,E08000024,Sunderland,33.62,28.81,38.44,,370.00,Persons,18+ yrs,
Smoking prevalence - routine & manual,2012,E08000025,Birmingham,25.29,21.39,29.19,,478.00,Persons,18+ yrs,
Smoking prevalence - routine & manual,2012,E08000026,Coventry,24.71,20.23,29.19,,356.00,Persons,18+ yrs,
Smoking prevalence - routine & manual,2012,E08000027,Dudley,27.67,23.03,32.31,,357.00,Persons,18+ yrs,
Smoking prevalence - routine & manual,2012,E08000028,Sandwell,27.84,23.89,31.78,,496.00,Persons,18+ yrs,
Smoking prevalence - routine & manual,2012,E08000029,Solihull,24.29,19.47,29.11,,304.00,Persons,18+ yrs,
Smoking prevalence - routine & manual,2012,E08000030,Walsall,37.04,32.05,42.03,,360.00,Persons,18+ yrs,
Smoking prevalence - routine & manual,2012,E08000031,Wolverhampton,31.69,27.07,36.31,,390.00,Persons,18+ yrs,
Smoking prevalence - routine & manual,2012,E08000032,Bradford,33.67,28.85,38.48,,370.00,Persons,18+ yrs,
Smoking prevalence - routine & manual,2012,E08000033,Calderdale,33.35,27.98,38.72,,296.00,Persons,18+ yrs,
Smoking prevalence - routine & manual,2012,E08000034,Kirklees,33.44,28.04,38.84,,293.00,Persons,18+ yrs,
Smoking prevalence - routine & manual,2012,E08000035,Leeds,30.25,25.84,34.65,,418.00,Persons,18+ yrs,
Smoking prevalence - routine & manual,2012,E08000036,Wakefield,34.88,30.46,39.29,,447.00,Persons,18+ yrs,
Smoking prevalence - routine & manual,2012,E08000037,Gateshead,31.66,26.61,36.71,,326.00,Persons,18+ yrs,
Smoking prevalence - routine & manual,2012,E09000001,City of London,,,,,,Persons,18+ yrs,Disclosure control applied
Smoking prevalence - routine & manual,2012,E09000002,Barking and Dagenham,27.89,21.41,34.37,,184.00,Persons,18+ yrs,
Smoking prevalence - routine & manual,2012,E09000003,Barnet,28.19,17.34,39.04,,66.00,Persons,18+ yrs,
Smoking prevalence - routine & manual,2012,E09000004,Bexley,32.54,24.86,40.22,,143.00,Persons,18+ yrs,
Smoking prevalence - routine & manual,2012,E09000005,Brent,14.17,8.70,19.64,,156.00,Persons,18+ yrs,
Smoking prevalence - routine & manual,2012,E09000006,Bromley,26.12,17.09,35.15,,91.00,Persons,18+ yrs,
Smoking prevalence - routine & manual,2012,E09000007,Camden,23.81,14.81,32.82,,86.00,Persons,18+ yrs,
Smoking prevalence - routine & manual,2012,E09000008,Croydon,29.43,21.38,37.48,,123.00,Persons,18+ yrs,
Smoking prevalence - routine & manual,2012,E09000009,Ealing,25.93,18.67,33.19,,140.00,Persons,18+ yrs,
Smoking prevalence - routine & manual,2012,E09000010,Enfield,23.92,16.35,31.49,,122.00,Persons,18+ yrs,
Smoking prevalence - routine & manual,2012,E09000011,Greenwich,23.30,16.96,29.63,,171.00,Persons,18+ yrs,
Smoking prevalence - routine & manual,2012,E09000012,Hackney,31.45,22.81,40.09,,111.00,Persons,18+ yrs,
Smoking prevalence - routine & manual,2012,E09000013,Hammersmith and Fulham,28.05,18.61,37.48,,87.00,Persons,18+ yrs,
Smoking prevalence - routine & manual,2012,E09000014,Haringey,24.62,16.22,33.03,,101.00,Persons,18+ yrs,
Smoking prevalence - routine & manual,2012,E09000015,Harrow,16.74,10.68,22.79,,146.00,Persons,18+ yrs,
Smoking prevalence - routine & manual,2012,E09000016,Havering,24.30,16.90,31.70,,129.00,Persons,18+ yrs,
Smoking prevalence - routine & manual,2012,E09000017,Hillingdon,23.37,15.98,30.76,,126.00,Persons,18+ yrs,
Smoking prevalence - routine & manual,2012,E09000018,Hounslow,18.72,12.14,25.30,,135.00,Persons,18+ yrs,
Smoking prevalence - routine & manual,2012,E09000019,Islington,32.01,21.85,42.17,,81.00,Persons,18+ yrs,
Smoking prevalence - routine & manual,2012,E09000020,Kensington and Chelsea,25.62,16.70,34.54,,92.00,Persons,18+ yrs,
Smoking prevalence - routine & manual,2012,E09000021,Kingston upon Thames,18.09,10.51,25.68,,99.00,Persons,18+ yrs,
Smoking prevalence - routine & manual,2012,E09000022,Lambeth,31.74,21.54,41.94,,80.00,Persons,18+ yrs,
Smoking prevalence - routine & manual,2012,E09000023,Lewisham,24.33,15.26,33.40,,86.00,Persons,18+ yrs,
Smoking prevalence - routine & manual,2012,E09000024,Merton,23.23,15.94,30.51,,129.00,Persons,18+ yrs,
Smoking prevalence - routine & manual,2012,E09000025,Newham,19.26,13.28,25.25,,167.00,Persons,18+ yrs,
Smoking prevalence - routine & manual,2012,E09000026,Redbridge,25.07,17.05,33.10,,112.00,Persons,18+ yrs,
Smoking prevalence - routine & manual,2012,E09000027,Richmond upon Thames,17.71,7.88,27.53,,58.00,Persons,18+ yrs,
Smoking prevalence - routine & manual,2012,E09000028,Southwark,28.46,20.10,36.81,,112.00,Persons,18+ yrs,
Smoking prevalence - routine & manual,2012,E09000029,Sutton,29.73,21.26,38.19,,112.00,Persons,18+ yrs,
Smoking prevalence - routine & manual,2012,E09000030,Tower Hamlets,29.49,20.93,38.05,,109.00,Persons,18+ yrs,
Smoking prevalence - routine & manual,2012,E09000031,Waltham Forest,39.33,30.07,48.58,,107.00,Persons,18+ yrs,
Smoking prevalence - routine & manual,2012,E09000032,Wandsworth,24.82,14.62,35.01,,69.00,Persons,18+ yrs,
Smoking prevalence - routine & manual,2012,E09000033,Westminster,17.49,9.93,25.05,,97.00,Persons,18+ yrs,
Smoking prevalence - routine & manual,2012,E10000002,Buckinghamshire,26.58,20.74,32.42,,220.00,Persons,18+ yrs,
Smoking prevalence - routine & manual,2012,E10000003,Cambridgeshire,35.52,29.98,41.07,,286.00,Persons,18+ yrs,
Smoking prevalence - routine & manual,2012,E10000006,Cumbria,29.51,24.80,34.22,,360.00,Persons,18+ yrs,
Smoking prevalence - routine & manual,2012,E10000007,Derbyshire,26.40,22.13,30.67,,410.00,Persons,18+ yrs,
Smoking prevalence - routine & manual,2012,E10000008,Devon,27.39,22.89,31.89,,377.00,Persons,18+ yrs,
Smoking prevalence - routine & manual,2012,E10000009,Dorset,28.81,23.72,33.91,,304.00,Persons,18+ yrs,
Smoking prevalence - routine & manual,2012,E10000011,East Sussex,26.52,21.49,31.55,,296.00,Persons,18+ yrs,
Smoking prevalence - routine & manual,2012,E10000012,Essex,28.43,24.71,32.15,,565.00,Persons,18+ yrs,
Smoking prevalence - routine & manual,2012,E10000013,Gloucestershire,28.15,23.13,33.18,,308.00,Persons,18+ yrs,
Smoking prevalence - routine & manual,2012,E10000014,Hampshire,29.09,25.37,32.82,,571.00,Persons,18+ yrs,
Smoking prevalence - routine & manual,2012,E10000015,Hertfordshire,28.28,23.79,32.76,,387.00,Persons,18+ yrs,
Smoking prevalence - routine & manual,2012,E10000016,Kent,31.31,27.78,34.85,,661.00,Persons,18+ yrs,
Smoking prevalence - routine & manual,2012,E10000017,Lancashire,32.49,28.55,36.43,,543.00,Persons,18+ yrs,
Smoking prevalence - routine & manual,2012,E10000018,Leicestershire,24.45,20.33,28.56,,419.00,Persons,18+ yrs,
Smoking prevalence - routine & manual,2012,E10000019,Lincolnshire,35.56,31.07,40.06,,435.00,Persons,18+ yrs,
Smoking prevalence - routine & manual,2012,E10000020,Norfolk,30.25,26.21,34.28,,498.00,Persons,18+ yrs,
Smoking prevalence - routine & manual,2012,E10000021,Northamptonshire,33.10,28.01,38.19,,328.00,Persons,18+ yrs,
Smoking prevalence - routine & manual,2012,E10000023,North Yorkshire,32.93,27.78,38.08,,320.00,Persons,18+ yrs,
Smoking prevalence - routine & manual,2012,E10000024,Nottinghamshire,30.06,25.70,34.41,,426.00,Persons,18+ yrs,
Smoking prevalence - routine & manual,2012,E10000025,Oxfordshire,30.23,24.76,35.70,,271.00,Persons,18+ yrs,
Smoking prevalence - routine & manual,2012,E10000027,Somerset,31.27,26.31,36.22,,336.00,Persons,18+ yrs,
Smoking prevalence - routine & manual,2012,E10000028,Staffordshire,26.60,22.50,30.71,,445.00,Persons,18+ yrs,
Smoking prevalence - routine & manual,2012,E10000029,Suffolk,30.85,26.63,35.07,,460.00,Persons,18+ yrs,
Smoking prevalence - routine & manual,2012,E10000030,Surrey,27.01,22.24,31.78,,333.00,Persons,18+ yrs,
Smoking prevalence - routine & manual,2012,E10000031,Warwickshire,29.20,23.88,34.51,,281.00,Persons,18+ yrs,
Smoking prevalence - routine & manual,2012,E10000032,West Sussex,26.74,22.08,31.39,,347.00,Persons,18+ yrs,
Smoking prevalence - routine & manual,2012,E10000034,Worcestershire,23.73,19.08,28.38,,322.00,Persons,18+ yrs,
Smoking Prevalence (IHS),2010,E06000001,Hartlepool,24.58,22.38,26.78,,1468.00,Persons,18+ yrs,
Smoking Prevalence (IHS),2010,E06000002,Middlesbrough,26.31,24.21,28.40,,1696.00,Persons,18+ yrs,
Smoking Prevalence (IHS),2010,E06000003,Redcar and Cleveland,22.82,20.82,24.83,,1687.00,Persons,18+ yrs,
Smoking Prevalence (IHS),2010,E06000004,Stockton-on-Tees,21.09,19.04,23.15,,1510.00,Persons,18+ yrs,
Smoking Prevalence (IHS),2010,E06000005,Darlington,21.39,19.27,23.51,,1442.00,Persons,18+ yrs,
Smoking Prevalence (IHS),2010,E06000006,Halton,24.09,21.95,26.23,,1537.00,Persons,18+ yrs,
Smoking Prevalence (IHS),2010,E06000007,Warrington,20.36,18.41,22.31,,1645.00,Persons,18+ yrs,
Smoking Prevalence (IHS),2010,E06000008,Blackburn with Darwen,25.38,23.21,27.54,,1554.00,Persons,18+ yrs,
Smoking Prevalence (IHS),2010,E06000009,Blackpool,29.51,27.36,31.66,,1735.00,Persons,18+ yrs,
Smoking Prevalence (IHS),2010,E06000010,Kingston upon Hull,27.28,25.24,29.32,,1830.00,Persons,18+ yrs,
Smoking Prevalence (IHS),2010,E06000011,East Riding of Yorkshire,16.88,15.15,18.61,,1811.00,Persons,18+ yrs,
Smoking Prevalence (IHS),2010,E06000012,North East Lincolnshire,30.01,27.70,32.33,,1507.00,Persons,18+ yrs,
Smoking Prevalence (IHS),2010,E06000013,North Lincolnshire,25.55,23.34,27.77,,1495.00,Persons,18+ yrs,
Smoking Prevalence (IHS),2010,E06000014,York,18.15,16.25,20.05,,1577.00,Persons,18+ yrs,
Smoking Prevalence (IHS),2010,E06000015,Derby,23.09,20.94,25.25,,1467.00,Persons,18+ yrs,
Smoking Prevalence (IHS),2010,E06000016,Leicester,22.62,20.67,24.57,,1776.00,Persons,18+ yrs,
Smoking Prevalence (IHS),2010,E06000017,Rutland,16.84,13.63,20.04,,524.00,Persons,18+ yrs,
Smoking Prevalence (IHS),2010,E06000018,Nottingham,25.25,23.18,27.32,,1690.00,Persons,18+ yrs,
Smoking Prevalence (IHS),2010,E06000019,Herefordshire,19.76,17.79,21.72,,1580.00,Persons,18+ yrs,
Smoking Prevalence (IHS),2010,E06000020,Telford and Wrekin,23.93,21.84,26.01,,1608.00,Persons,18+ yrs,
Smoking Prevalence (IHS),2010,E06000021,Stoke-on-Trent,26.28,24.28,28.27,,1872.00,Persons,18+ yrs,
Smoking Prevalence (IHS),2010,E06000022,Bath and North East Somerset,17.67,15.73,19.62,,1480.00,Persons,18+ yrs,
Smoking Prevalence (IHS),2010,E06000023,Bristol,23.53,21.51,25.55,,1692.00,Persons,18+ yrs,
Smoking Prevalence (IHS),2010,E06000024,North Somerset,16.39,14.56,18.23,,1557.00,Persons,18+ yrs,
Smoking Prevalence (IHS),2010,E06000025,South Gloucestershire,19.82,17.84,21.80,,1555.00,Persons,18+ yrs,
Smoking Prevalence (IHS),2010,E06000026,Plymouth,23.92,21.79,26.04,,1552.00,Persons,18+ yrs,
Smoking Prevalence (IHS),2010,E06000027,Torbay,22.69,20.60,24.77,,1552.00,Persons,18+ yrs,
Smoking Prevalence (IHS),2010,E06000028,Bournemouth,21.95,19.97,23.94,,1678.00,Persons,18+ yrs,
Smoking Prevalence (IHS),2010,E06000029,Poole,19.32,17.40,21.25,,1620.00,Persons,18+ yrs,
Smoking Prevalence (IHS),2010,E06000030,Swindon,20.93,18.61,23.26,,1174.00,Persons,18+ yrs,
Smoking Prevalence (IHS),2010,E06000031,Peterborough,25.21,22.99,27.43,,1467.00,Persons,18+ yrs,
Smoking Prevalence (IHS),2010,E06000032,Luton,22.89,20.64,25.14,,1338.00,Persons,18+ yrs,
Smoking Prevalence (IHS),2010,E06000033,Southend-on-Sea,21.07,18.99,23.16,,1466.00,Persons,18+ yrs,
Smoking Prevalence (IHS),2010,E06000034,Thurrock,24.47,22.15,26.80,,1311.00,Persons,18+ yrs,
Smoking Prevalence (IHS),2010,E06000035,Medway,21.93,19.53,24.34,,1138.00,Persons,18+ yrs,
Smoking Prevalence (IHS),2010,E06000036,Bracknell Forest,19.16,16.84,21.47,,1108.00,Persons,18+ yrs,
Smoking Prevalence (IHS),2010,E06000037,West Berkshire,16.01,13.98,18.05,,1247.00,Persons,18+ yrs,
Smoking Prevalence (IHS),2010,E06000038,Reading,21.94,19.62,24.25,,1223.00,Persons,18+ yrs,
Smoking Prevalence (IHS),2010,E06000039,Slough,20.39,18.29,22.48,,1418.00,Persons,18+ yrs,
Smoking Prevalence (IHS),2010,E06000040,Windsor and Maidenhead,19.01,16.96,21.07,,1396.00,Persons,18+ yrs,
Smoking Prevalence (IHS),2010,E06000041,Wokingham,16.67,14.61,18.73,,1258.00,Persons,18+ yrs,
Smoking Prevalence (IHS),2010,E06000042,Milton Keynes,22.24,20.04,24.43,,1376.00,Persons,18+ yrs,
Smoking Prevalence (IHS),2010,E06000043,Brighton and Hove,23.96,21.80,26.13,,1491.00,Persons,18+ yrs,
Smoking Prevalence (IHS),2010,E06000044,Portsmouth,26.31,23.92,28.70,,1305.00,Persons,18+ yrs,
Smoking Prevalence (IHS),2010,E06000045,Southampton,22.02,19.99,24.06,,1594.00,Persons,18+ yrs,
Smoking Prevalence (IHS),2010,E06000046,Isle of Wight,18.40,16.52,20.28,,1636.00,Persons,18+ yrs,
Smoking Prevalence (IHS),2010,E06000047,County Durham,23.19,21.28,25.10,,1871.00,Persons,18+ yrs,
Smoking Prevalence (IHS),2010,E06000049,Cheshire East,17.42,15.44,19.41,,1407.00,Persons,18+ yrs,
Smoking Prevalence (IHS),2010,E06000050,Cheshire West and Chester,20.60,18.39,22.80,,1290.00,Persons,18+ yrs,
Smoking Prevalence (IHS),2010,E06000051,Shropshire,19.15,17.35,20.94,,1850.00,Persons,18+ yrs,
Smoking Prevalence (IHS),2010,E06000052,Cornwall,21.42,19.64,23.21,,2034.00,Persons,18+ yrs,Value for Cornwall & Isles of Scilly combined
Smoking Prevalence (IHS),2010,E06000053,Isles of Scilly,,,,,,Persons,18+ yrs,Value for Cornwall & Isles of Scilly combined
Smoking Prevalence (IHS),2010,E06000054,Wiltshire,19.01,17.22,20.81,,1835.00,Persons,18+ yrs,
Smoking Prevalence (IHS),2010,E06000055,Bedford,17.63,14.83,20.43,,714.00,Persons,18+ yrs,
Smoking Prevalence (IHS),2010,E06000056,Central Bedfordshire,17.90,15.62,20.17,,1089.00,Persons,18+ yrs,
Smoking Prevalence (IHS),2010,E06000057,Northumberland,17.03,15.14,18.91,,1525.00,Persons,18+ yrs,
Smoking Prevalence (IHS),2010,E08000001,Bolton,24.06,21.98,26.13,,1628.00,Persons,18+ yrs,
Smoking Prevalence (IHS),2010,E08000002,Bury,22.20,20.03,24.37,,1408.00,Persons,18+ yrs,
Smoking Prevalence (IHS),2010,E08000003,Manchester,28.40,26.47,30.33,,2092.00,Persons,18+ yrs,
Smoking Prevalence (IHS),2010,E08000004,Oldham,26.50,24.33,28.67,,1585.00,Persons,18+ yrs,
Smoking Prevalence (IHS),2010,E08000005,Rochdale,23.60,21.61,25.60,,1740.00,Persons,18+ yrs,
Smoking Prevalence (IHS),2010,E08000006,Salford,28.44,26.42,30.46,,1910.00,Persons,18+ yrs,
Smoking Prevalence (IHS),2010,E08000007,Stockport,21.71,19.73,23.69,,1670.00,Persons,18+ yrs,
Smoking Prevalence (IHS),2010,E08000008,Tameside,23.61,21.58,25.64,,1684.00,Persons,18+ yrs,
Smoking Prevalence (IHS),2010,E08000009,Trafford,21.57,19.55,23.59,,1596.00,Persons,18+ yrs,
Smoking Prevalence (IHS),2010,E08000010,Wigan,25.51,23.50,27.53,,1801.00,Persons,18+ yrs,
Smoking Prevalence (IHS),2010,E08000011,Knowsley,30.97,28.70,33.25,,1587.00,Persons,18+ yrs,
Smoking Prevalence (IHS),2010,E08000012,Liverpool,25.65,23.78,27.53,,2089.00,Persons,18+ yrs,
Smoking Prevalence (IHS),2010,E08000013,St. Helens,20.41,18.39,22.42,,1542.00,Persons,18+ yrs,
Smoking Prevalence (IHS),2010,E08000014,Sefton,19.31,17.43,21.18,,1701.00,Persons,18+ yrs,
Smoking Prevalence (IHS),2010,E08000015,Wirral,21.72,19.89,23.54,,1955.00,Persons,18+ yrs,
Smoking Prevalence (IHS),2010,E08000016,Barnsley,25.69,23.71,27.68,,1864.00,Persons,18+ yrs,
Smoking Prevalence (IHS),2010,E08000017,Doncaster,26.55,24.55,28.55,,1876.00,Persons,18+ yrs,
Smoking Prevalence (IHS),2010,E08000018,Rotherham,23.31,21.35,25.27,,1793.00,Persons,18+ yrs,
Smoking Prevalence (IHS),2010,E08000019,Sheffield,23.78,21.96,25.60,,2101.00,Persons,18+ yrs,
Smoking Prevalence (IHS),2010,E08000021,Newcastle upon Tyne,25.93,23.80,28.05,,1630.00,Persons,18+ yrs,
Smoking Prevalence (IHS),2010,E08000022,North Tyneside,23.32,21.37,25.27,,1813.00,Persons,18+ yrs,
Smoking Prevalence (IHS),2010,E08000023,South Tyneside,24.47,22.38,26.55,,1632.00,Persons,18+ yrs,
Smoking Prevalence (IHS),2010,E08000024,Sunderland,24.61,22.64,26.57,,1843.00,Persons,18+ yrs,
Smoking Prevalence (IHS),2010,E08000025,Birmingham,21.05,19.63,22.47,,3174.00,Persons,18+ yrs,
Smoking Prevalence (IHS),2010,E08000026,Coventry,18.87,17.06,20.69,,1783.00,Persons,18+ yrs,
Smoking Prevalence (IHS),2010,E08000027,Dudley,19.24,17.33,21.15,,1641.00,Persons,18+ yrs,
Smoking Prevalence (IHS),2010,E08000028,Sandwell,22.32,20.53,24.12,,2065.00,Persons,18+ yrs,
Smoking Prevalence (IHS),2010,E08000029,Solihull,16.89,14.98,18.80,,1480.00,Persons,18+ yrs,
Smoking Prevalence (IHS),2010,E08000030,Walsall,24.64,22.57,26.70,,1678.00,Persons,18+ yrs,
Smoking Prevalence (IHS),2010,E08000031,Wolverhampton,20.23,18.36,22.10,,1774.00,Persons,18+ yrs,
Smoking Prevalence (IHS),2010,E08000032,Bradford,23.16,21.33,25.00,,2031.00,Persons,18+ yrs,
Smoking Prevalence (IHS),2010,E08000033,Calderdale,24.90,22.75,27.06,,1553.00,Persons,18+ yrs,
Smoking Prevalence (IHS),2010,E08000034,Kirklees,21.15,19.19,23.10,,1678.00,Persons,18+ yrs,
Smoking Prevalence (IHS),2010,E08000035,Leeds,23.32,21.74,24.89,,2774.00,Persons,18+ yrs,
Smoking Prevalence (IHS),2010,E08000036,Wakefield,24.54,22.64,26.45,,1964.00,Persons,18+ yrs,
Smoking Prevalence (IHS),2010,E08000037,Gateshead,24.42,22.30,26.54,,1575.00,Persons,18+ yrs,
Smoking Prevalence (IHS),2010,E09000001,City of London,,,,,,Persons,18+ yrs,Disclosure control applied
Smoking Prevalence (IHS),2010,E09000002,Barking and Dagenham,22.54,19.80,25.27,,897.00,Persons,18+ yrs,
Smoking Prevalence (IHS),2010,E09000003,Barnet,17.66,15.43,19.88,,1127.00,Persons,18+ yrs,
Smoking Prevalence (IHS),2010,E09000004,Bexley,17.13,14.78,19.48,,986.00,Persons,18+ yrs,
Smoking Prevalence (IHS),2010,E09000005,Brent,20.60,18.16,23.05,,1050.00,Persons,18+ yrs,
Smoking Prevalence (IHS),2010,E09000006,Bromley,17.01,14.53,19.50,,876.00,Persons,18+ yrs,
Smoking Prevalence (IHS),2010,E09000007,Camden,19.96,17.26,22.66,,841.00,Persons,18+ yrs,
Smoking Prevalence (IHS),2010,E09000008,Croydon,19.60,16.94,22.25,,860.00,Persons,18+ yrs,
Smoking Prevalence (IHS),2010,E09000009,Ealing,18.19,15.79,20.60,,987.00,Persons,18+ yrs,
Smoking Prevalence (IHS),2010,E09000010,Enfield,19.45,17.27,21.62,,1274.00,Persons,18+ yrs,
Smoking Prevalence (IHS),2010,E09000011,Greenwich,24.13,21.52,26.74,,1031.00,Persons,18+ yrs,
Smoking Prevalence (IHS),2010,E09000012,Hackney,24.12,21.43,26.80,,977.00,Persons,18+ yrs,
Smoking Prevalence (IHS),2010,E09000013,Hammersmith and Fulham,23.40,20.56,26.24,,856.00,Persons,18+ yrs,
Smoking Prevalence (IHS),2010,E09000014,Haringey,20.72,18.19,23.25,,987.00,Persons,18+ yrs,
Smoking Prevalence (IHS),2010,E09000015,Harrow,17.24,15.11,19.37,,1204.00,Persons,18+ yrs,
Smoking Prevalence (IHS),2010,E09000016,Havering,18.58,15.95,21.20,,843.00,Persons,18+ yrs,
Smoking Prevalence (IHS),2010,E09000017,Hillingdon,18.37,15.92,20.82,,963.00,Persons,18+ yrs,
Smoking Prevalence (IHS),2010,E09000018,Hounslow,18.17,15.75,20.60,,970.00,Persons,18+ yrs,
Smoking Prevalence (IHS),2010,E09000019,Islington,21.19,18.57,23.81,,935.00,Persons,18+ yrs,
Smoking Prevalence (IHS),2010,E09000020,Kensington and Chelsea,17.79,15.19,20.39,,831.00,Persons,18+ yrs,
Smoking Prevalence (IHS),2010,E09000021,Kingston upon Thames,18.46,15.78,21.15,,800.00,Persons,18+ yrs,
Smoking Prevalence (IHS),2010,E09000022,Lambeth,21.42,18.73,24.12,,891.00,Persons,18+ yrs,
Smoking Prevalence (IHS),2010,E09000023,Lewisham,20.65,17.86,23.44,,808.00,Persons,18+ yrs,
Smoking Prevalence (IHS),2010,E09000024,Merton,16.16,13.92,18.39,,1040.00,Persons,18+ yrs,
Smoking Prevalence (IHS),2010,E09000025,Newham,21.50,19.03,23.96,,1067.00,Persons,18+ yrs,
Smoking Prevalence (IHS),2010,E09000026,Redbridge,14.99,12.87,17.12,,1086.00,Persons,18+ yrs,
Smoking Prevalence (IHS),2010,E09000027,Richmond upon Thames,16.64,14.10,19.18,,824.00,Persons,18+ yrs,
Smoking Prevalence (IHS),2010,E09000028,Southwark,20.81,18.02,23.60,,811.00,Persons,18+ yrs,
Smoking Prevalence (IHS),2010,E09000029,Sutton,16.90,14.43,19.37,,884.00,Persons,18+ yrs,
Smoking Prevalence (IHS),2010,E09000030,Tower Hamlets,22.84,20.25,25.43,,1007.00,Persons,18+ yrs,
Smoking Prevalence (IHS),2010,E09000031,Waltham Forest,19.21,16.75,21.66,,986.00,Persons,18+ yrs,
Smoking Prevalence (IHS),2010,E09000032,Wandsworth,19.67,16.85,22.50,,762.00,Persons,18+ yrs,
Smoking Prevalence (IHS),2010,E09000033,Westminster,19.50,16.51,22.50,,671.00,Persons,18+ yrs,
Smoking Prevalence (IHS),2010,E10000002,Buckinghamshire,16.22,14.53,17.92,,1816.00,Persons,18+ yrs,
Smoking Prevalence (IHS),2010,E10000003,Cambridgeshire,18.97,17.37,20.57,,2300.00,Persons,18+ yrs,
Smoking Prevalence (IHS),2010,E10000006,Cumbria,21.07,19.34,22.81,,2122.00,Persons,18+ yrs,
Smoking Prevalence (IHS),2010,E10000007,Derbyshire,20.49,18.95,22.03,,2646.00,Persons,18+ yrs,
Smoking Prevalence (IHS),2010,E10000008,Devon,17.75,16.31,19.19,,2706.00,Persons,18+ yrs,
Smoking Prevalence (IHS),2010,E10000009,Dorset,16.81,15.23,18.40,,2150.00,Persons,18+ yrs,
Smoking Prevalence (IHS),2010,E10000011,East Sussex,22.06,20.11,24.01,,1731.00,Persons,18+ yrs,
Smoking Prevalence (IHS),2010,E10000012,Essex,18.62,17.53,19.72,,4871.00,Persons,18+ yrs,
Smoking Prevalence (IHS),2010,E10000013,Gloucestershire,18.08,16.40,19.76,,2016.00,Persons,18+ yrs,
Smoking Prevalence (IHS),2010,E10000014,Hampshire,17.81,16.66,18.95,,4302.00,Persons,18+ yrs,
Smoking Prevalence (IHS),2010,E10000015,Hertfordshire,19.07,17.84,20.30,,3898.00,Persons,18+ yrs,
Smoking Prevalence (IHS),2010,E10000016,Kent,21.74,20.54,22.93,,4579.00,Persons,18+ yrs,
Smoking Prevalence (IHS),2010,E10000017,Lancashire,20.95,19.74,22.16,,4333.00,Persons,18+ yrs,
Smoking Prevalence (IHS),2010,E10000018,Leicestershire,19.29,17.68,20.90,,2316.00,Persons,18+ yrs,
Smoking Prevalence (IHS),2010,E10000019,Lincolnshire,19.61,18.11,21.10,,2711.00,Persons,18+ yrs,
Smoking Prevalence (IHS),2010,E10000020,Norfolk,19.87,18.46,21.28,,3076.00,Persons,18+ yrs,
Smoking Prevalence (IHS),2010,E10000021,Northamptonshire,22.75,21.10,24.39,,2493.00,Persons,18+ yrs,
Smoking Prevalence (IHS),2010,E10000023,North Yorkshire,21.34,19.63,23.05,,2204.00,Persons,18+ yrs,
Smoking Prevalence (IHS),2010,E10000024,Nottinghamshire,21.66,20.16,23.15,,2912.00,Persons,18+ yrs,
Smoking Prevalence (IHS),2010,E10000025,Oxfordshire,18.46,16.70,20.23,,1853.00,Persons,18+ yrs,
Smoking Prevalence (IHS),2010,E10000027,Somerset,19.66,17.85,21.46,,1863.00,Persons,18+ yrs,
Smoking Prevalence (IHS),2010,E10000028,Staffordshire,20.38,18.98,21.79,,3168.00,Persons,18+ yrs,
Smoking Prevalence (IHS),2010,E10000029,Suffolk,20.26,18.77,21.74,,2826.00,Persons,18+ yrs,
Smoking Prevalence (IHS),2010,E10000030,Surrey,15.45,14.24,16.67,,3402.00,Persons,18+ yrs,
Smoking Prevalence (IHS),2010,E10000031,Warwickshire,19.76,18.04,21.47,,2074.00,Persons,18+ yrs,
Smoking Prevalence (IHS),2010,E10000032,West Sussex,19.61,18.03,21.19,,2429.00,Persons,18+ yrs,
Smoking Prevalence (IHS),2010,E10000034,Worcestershire,19.08,17.37,20.80,,2021.00,Persons,18+ yrs,
Smoking Prevalence (IHS),2011,E06000001,Hartlepool,21.53,19.41,23.65,,1443.00,Persons,18+ yrs,
Smoking Prevalence (IHS),2011,E06000002,Middlesbrough,24.83,22.69,26.97,,1559.00,Persons,18+ yrs,
Smoking Prevalence (IHS),2011,E06000003,Redcar and Cleveland,22.16,19.98,24.34,,1391.00,Persons,18+ yrs,
Smoking Prevalence (IHS),2011,E06000004,Stockton-on-Tees,18.04,16.14,19.94,,1573.00,Persons,18+ yrs,
Smoking Prevalence (IHS),2011,E06000005,Darlington,23.52,21.18,25.85,,1267.00,Persons,18+ yrs,
Smoking Prevalence (IHS),2011,E06000006,Halton,22.24,19.96,24.53,,1276.00,Persons,18+ yrs,
Smoking Prevalence (IHS),2011,E06000007,Warrington,16.71,14.62,18.81,,1219.00,Persons,18+ yrs,
Smoking Prevalence (IHS),2011,E06000008,Blackburn with Darwen,27.93,25.57,30.29,,1385.00,Persons,18+ yrs,
Smoking Prevalence (IHS),2011,E06000009,Blackpool,27.22,25.01,29.42,,1569.00,Persons,18+ yrs,
Smoking Prevalence (IHS),2011,E06000010,Kingston upon Hull,29.83,27.54,32.13,,1526.00,Persons,18+ yrs,
Smoking Prevalence (IHS),2011,E06000011,East Riding of Yorkshire,18.16,16.19,20.12,,1482.00,Persons,18+ yrs,
Smoking Prevalence (IHS),2011,E06000012,North East Lincolnshire,26.98,24.62,29.33,,1366.00,Persons,18+ yrs,
Smoking Prevalence (IHS),2011,E06000013,North Lincolnshire,22.24,20.01,24.48,,1334.00,Persons,18+ yrs,
Smoking Prevalence (IHS),2011,E06000014,York,16.87,14.75,18.99,,1199.00,Persons,18+ yrs,
Smoking Prevalence (IHS),2011,E06000015,Derby,21.96,19.87,24.06,,1498.00,Persons,18+ yrs,
Smoking Prevalence (IHS),2011,E06000016,Leicester,22.95,20.84,25.07,,1519.00,Persons,18+ yrs,
Smoking Prevalence (IHS),2011,E06000017,Rutland,14.46,11.10,17.81,,422.00,Persons,18+ yrs,
Smoking Prevalence (IHS),2011,E06000018,Nottingham,25.21,23.05,27.36,,1560.00,Persons,18+ yrs,
Smoking Prevalence (IHS),2011,E06000019,Herefordshire,18.65,16.54,20.75,,1315.00,Persons,18+ yrs,
Smoking Prevalence (IHS),2011,E06000020,Telford and Wrekin,23.77,21.61,25.94,,1486.00,Persons,18+ yrs,
Smoking Prevalence (IHS),2011,E06000021,Stoke-on-Trent,27.10,24.82,29.39,,1453.00,Persons,18+ yrs,
Smoking Prevalence (IHS),2011,E06000022,Bath and North East Somerset,17.30,15.24,19.36,,1294.00,Persons,18+ yrs,
Smoking Prevalence (IHS),2011,E06000023,Bristol,21.65,19.46,23.84,,1363.00,Persons,18+ yrs,
Smoking Prevalence (IHS),2011,E06000024,North Somerset,17.70,15.62,19.78,,1292.00,Persons,18+ yrs,
Smoking Prevalence (IHS),2011,E06000025,South Gloucestershire,16.42,14.39,18.45,,1279.00,Persons,18+ yrs,
Smoking Prevalence (IHS),2011,E06000026,Plymouth,22.38,20.18,24.57,,1391.00,Persons,18+ yrs,
Smoking Prevalence (IHS),2011,E06000027,Torbay,21.59,19.52,23.65,,1524.00,Persons,18+ yrs,
Smoking Prevalence (IHS),2011,E06000028,Bournemouth,20.77,18.79,22.75,,1608.00,Persons,18+ yrs,
Smoking Prevalence (IHS),2011,E06000029,Poole,17.38,15.46,19.29,,1504.00,Persons,18+ yrs,
Smoking Prevalence (IHS),2011,E06000030,Swindon,21.72,19.29,24.16,,1102.00,Persons,18+ yrs,
Smoking Prevalence (IHS),2011,E06000031,Peterborough,24.34,21.98,26.69,,1277.00,Persons,18+ yrs,
Smoking Prevalence (IHS),2011,E06000032,Luton,20.76,18.52,23.00,,1256.00,Persons,18+ yrs,
Smoking Prevalence (IHS),2011,E06000033,Southend-on-Sea,23.71,21.53,25.90,,1458.00,Persons,18+ yrs,
Smoking Prevalence (IHS),2011,E06000034,Thurrock,22.17,19.78,24.56,,1159.00,Persons,18+ yrs,
Smoking Prevalence (IHS),2011,E06000035,Medway,23.03,20.78,25.28,,1344.00,Persons,18+ yrs,
Smoking Prevalence (IHS),2011,E06000036,Bracknell Forest,18.31,16.13,20.48,,1219.00,Persons,18+ yrs,
Smoking Prevalence (IHS),2011,E06000037,West Berkshire,18.64,16.53,20.75,,1311.00,Persons,18+ yrs,
Smoking Prevalence (IHS),2011,E06000038,Reading,18.86,16.69,21.03,,1251.00,Persons,18+ yrs,
Smoking Prevalence (IHS),2011,E06000039,Slough,24.30,22.08,26.52,,1435.00,Persons,18+ yrs,
Smoking Prevalence (IHS),2011,E06000040,Windsor and Maidenhead,15.96,13.81,18.11,,1115.00,Persons,18+ yrs,
Smoking Prevalence (IHS),2011,E06000041,Wokingham,13.86,11.87,15.85,,1158.00,Persons,18+ yrs,
Smoking Prevalence (IHS),2011,E06000042,Milton Keynes,20.58,18.35,22.82,,1256.00,Persons,18+ yrs,
Smoking Prevalence (IHS),2011,E06000043,Brighton and Hove,23.19,20.93,25.45,,1340.00,Persons,18+ yrs,
Smoking Prevalence (IHS),2011,E06000044,Portsmouth,23.27,20.98,25.57,,1301.00,Persons,18+ yrs,
Smoking Prevalence (IHS),2011,E06000045,Southampton,21.94,19.81,24.07,,1446.00,Persons,18+ yrs,
Smoking Prevalence (IHS),2011,E06000046,Isle of Wight,19.63,17.76,21.50,,1735.00,Persons,18+ yrs,
Smoking Prevalence (IHS),2011,E06000047,County Durham,21.24,19.15,23.34,,1467.00,Persons,18+ yrs,
Smoking Prevalence (IHS),2011,E06000049,Cheshire East,15.54,13.23,17.85,,946.00,Persons,18+ yrs,
Smoking Prevalence (IHS),2011,E06000050,Cheshire West and Chester,17.97,15.53,20.42,,946.00,Persons,18+ yrs,
Smoking Prevalence (IHS),2011,E06000051,Shropshire,18.43,16.41,20.45,,1416.00,Persons,18+ yrs,
Smoking Prevalence (IHS),2011,E06000052,Cornwall,20.88,18.97,22.79,,1740.00,Persons,18+ yrs,Value for Cornwall & Isles of Scilly combined
Smoking Prevalence (IHS),2011,E06000053,Isles of Scilly,,,,,,Persons,18+ yrs,Value for Cornwall & Isles of Scilly combined
Smoking Prevalence (IHS),2011,E06000054,Wiltshire,18.97,16.95,20.99,,1448.00,Persons,18+ yrs,
Smoking Prevalence (IHS),2011,E06000055,Bedford,17.95,14.79,21.12,,564.00,Persons,18+ yrs,
Smoking Prevalence (IHS),2011,E06000056,Central Bedfordshire,16.65,14.16,19.13,,861.00,Persons,18+ yrs,
Smoking Prevalence (IHS),2011,E06000057,Northumberland,17.61,15.56,19.66,,1326.00,Persons,18+ yrs,
Smoking Prevalence (IHS),2011,E08000001,Bolton,23.32,21.08,25.56,,1369.00,Persons,18+ yrs,
Smoking Prevalence (IHS),2011,E08000002,Bury,23.29,20.95,25.63,,1255.00,Persons,18+ yrs,
Smoking Prevalence (IHS),2011,E08000003,Manchester,27.34,25.28,29.40,,1790.00,Persons,18+ yrs,
Smoking Prevalence (IHS),2011,E08000004,Oldham,26.91,24.71,29.12,,1554.00,Persons,18+ yrs,
Smoking Prevalence (IHS),2011,E08000005,Rochdale,23.60,21.51,25.68,,1593.00,Persons,18+ yrs,
Smoking Prevalence (IHS),2011,E08000006,Salford,26.05,23.88,28.22,,1572.00,Persons,18+ yrs,
Smoking Prevalence (IHS),2011,E08000007,Stockport,19.19,17.10,21.28,,1366.00,Persons,18+ yrs,
Smoking Prevalence (IHS),2011,E08000008,Tameside,24.58,22.12,27.04,,1173.00,Persons,18+ yrs,
Smoking Prevalence (IHS),2011,E08000009,Trafford,18.80,16.75,20.85,,1396.00,Persons,18+ yrs,
Smoking Prevalence (IHS),2011,E08000010,Wigan,23.41,21.20,25.62,,1414.00,Persons,18+ yrs,
Smoking Prevalence (IHS),2011,E08000011,Knowsley,28.15,25.78,30.52,,1386.00,Persons,18+ yrs,
Smoking Prevalence (IHS),2011,E08000012,Liverpool,23.69,21.59,25.78,,1584.00,Persons,18+ yrs,
Smoking Prevalence (IHS),2011,E08000013,St. Helens,21.28,19.19,23.37,,1474.00,Persons,18+ yrs,
Smoking Prevalence (IHS),2011,E08000014,Sefton,18.85,16.65,21.05,,1217.00,Persons,18+ yrs,
Smoking Prevalence (IHS),2011,E08000015,Wirral,22.98,20.95,25.01,,1652.00,Persons,18+ yrs,
Smoking Prevalence (IHS),2011,E08000016,Barnsley,25.40,23.18,27.62,,1475.00,Persons,18+ yrs,
Smoking Prevalence (IHS),2011,E08000017,Doncaster,27.46,25.24,29.67,,1562.00,Persons,18+ yrs,
Smoking Prevalence (IHS),2011,E08000018,Rotherham,23.45,21.36,25.54,,1580.00,Persons,18+ yrs,
Smoking Prevalence (IHS),2011,E08000019,Sheffield,19.46,17.43,21.50,,1456.00,Persons,18+ yrs,
Smoking Prevalence (IHS),2011,E08000021,Newcastle upon Tyne,22.01,19.78,24.24,,1327.00,Persons,18+ yrs,
Smoking Prevalence (IHS),2011,E08000022,North Tyneside,23.07,20.85,25.28,,1388.00,Persons,18+ yrs,
Smoking Prevalence (IHS),2011,E08000023,South Tyneside,23.03,20.87,25.19,,1460.00,Persons,18+ yrs,
Smoking Prevalence (IHS),2011,E08000024,Sunderland,23.96,21.81,26.10,,1526.00,Persons,18+ yrs,
Smoking Prevalence (IHS),2011,E08000025,Birmingham,20.84,19.18,22.50,,2302.00,Persons,18+ yrs,
Smoking Prevalence (IHS),2011,E08000026,Coventry,17.39,15.48,19.30,,1511.00,Persons,18+ yrs,
Smoking Prevalence (IHS),2011,E08000027,Dudley,19.93,17.81,22.05,,1364.00,Persons,18+ yrs,
Smoking Prevalence (IHS),2011,E08000028,Sandwell,23.07,21.06,25.08,,1689.00,Persons,18+ yrs,
Smoking Prevalence (IHS),2011,E08000029,Solihull,16.69,14.78,18.60,,1463.00,Persons,18+ yrs,
Smoking Prevalence (IHS),2011,E08000030,Walsall,22.99,20.81,25.16,,1436.00,Persons,18+ yrs,
Smoking Prevalence (IHS),2011,E08000031,Wolverhampton,21.97,19.95,23.98,,1619.00,Persons,18+ yrs,
Smoking Prevalence (IHS),2011,E08000032,Bradford,21.07,19.00,23.14,,1492.00,Persons,18+ yrs,
Smoking Prevalence (IHS),2011,E08000033,Calderdale,23.64,21.42,25.85,,1416.00,Persons,18+ yrs,
Smoking Prevalence (IHS),2011,E08000034,Kirklees,25.29,22.99,27.58,,1377.00,Persons,18+ yrs,
Smoking Prevalence (IHS),2011,E08000035,Leeds,23.34,21.53,25.15,,2090.00,Persons,18+ yrs,
Smoking Prevalence (IHS),2011,E08000036,Wakefield,21.88,19.78,23.98,,1491.00,Persons,18+ yrs,
Smoking Prevalence (IHS),2011,E08000037,Gateshead,20.31,18.21,22.41,,1411.00,Persons,18+ yrs,
Smoking Prevalence (IHS),2011,E09000001,City of London,,,,,,Persons,18+ yrs,Disclosure control applied
Smoking Prevalence (IHS),2011,E09000002,Barking and Dagenham,22.87,19.87,25.87,,753.00,Persons,18+ yrs,
Smoking Prevalence (IHS),2011,E09000003,Barnet,18.16,15.51,20.80,,814.00,Persons,18+ yrs,
Smoking Prevalence (IHS),2011,E09000004,Bexley,18.78,15.87,21.68,,695.00,Persons,18+ yrs,
Smoking Prevalence (IHS),2011,E09000005,Brent,19.30,16.63,21.98,,836.00,Persons,18+ yrs,
Smoking Prevalence (IHS),2011,E09000006,Bromley,17.54,15.03,20.05,,882.00,Persons,18+ yrs,
Smoking Prevalence (IHS),2011,E09000007,Camden,16.81,14.12,19.50,,743.00,Persons,18+ yrs,
Smoking Prevalence (IHS),2011,E09000008,Croydon,19.66,16.86,22.47,,772.00,Persons,18+ yrs,
Smoking Prevalence (IHS),2011,E09000009,Ealing,21.16,18.19,24.14,,723.00,Persons,18+ yrs,
Smoking Prevalence (IHS),2011,E09000010,Enfield,19.15,16.70,21.60,,993.00,Persons,18+ yrs,
Smoking Prevalence (IHS),2011,E09000011,Greenwich,19.17,16.69,21.65,,969.00,Persons,18+ yrs,
Smoking Prevalence (IHS),2011,E09000012,Hackney,29.00,26.00,31.99,,880.00,Persons,18+ yrs,
Smoking Prevalence (IHS),2011,E09000013,Hammersmith and Fulham,19.42,16.80,22.05,,872.00,Persons,18+ yrs,
Smoking Prevalence (IHS),2011,E09000014,Haringey,20.75,17.84,23.65,,749.00,Persons,18+ yrs,
Smoking Prevalence (IHS),2011,E09000015,Harrow,15.08,13.04,17.12,,1182.00,Persons,18+ yrs,
Smoking Prevalence (IHS),2011,E09000016,Havering,20.30,17.45,23.14,,767.00,Persons,18+ yrs,
Smoking Prevalence (IHS),2011,E09000017,Hillingdon,17.66,15.15,20.18,,882.00,Persons,18+ yrs,
Smoking Prevalence (IHS),2011,E09000018,Hounslow,16.66,14.19,19.13,,874.00,Persons,18+ yrs,
Smoking Prevalence (IHS),2011,E09000019,Islington,21.48,18.55,24.41,,756.00,Persons,18+ yrs,
Smoking Prevalence (IHS),2011,E09000020,Kensington and Chelsea,19.40,16.72,22.08,,837.00,Persons,18+ yrs,
Smoking Prevalence (IHS),2011,E09000021,Kingston upon Thames,18.23,15.45,21.00,,745.00,Persons,18+ yrs,
Smoking Prevalence (IHS),2011,E09000022,Lambeth,18.27,15.54,21.00,,770.00,Persons,18+ yrs,
Smoking Prevalence (IHS),2011,E09000023,Lewisham,22.65,19.29,26.00,,599.00,Persons,18+ yrs,
Smoking Prevalence (IHS),2011,E09000024,Merton,15.44,12.98,17.91,,827.00,Persons,18+ yrs,
Smoking Prevalence (IHS),2011,E09000025,Newham,20.56,17.98,23.14,,944.00,Persons,18+ yrs,
Smoking Prevalence (IHS),2011,E09000026,Redbridge,15.93,13.51,18.35,,876.00,Persons,18+ yrs,
Smoking Prevalence (IHS),2011,E09000027,Richmond upon Thames,21.55,18.52,24.58,,706.00,Persons,18+ yrs,
Smoking Prevalence (IHS),2011,E09000028,Southwark,19.61,16.93,22.29,,844.00,Persons,18+ yrs,
Smoking Prevalence (IHS),2011,E09000029,Sutton,16.44,13.64,19.24,,672.00,Persons,18+ yrs,
Smoking Prevalence (IHS),2011,E09000030,Tower Hamlets,23.31,20.65,25.96,,973.00,Persons,18+ yrs,
Smoking Prevalence (IHS),2011,E09000031,Waltham Forest,21.38,18.55,24.22,,803.00,Persons,18+ yrs,
Smoking Prevalence (IHS),2011,E09000032,Wandsworth,18.09,15.32,20.86,,741.00,Persons,18+ yrs,
Smoking Prevalence (IHS),2011,E09000033,Westminster,22.28,19.39,25.18,,794.00,Persons,18+ yrs,
Smoking Prevalence (IHS),2011,E10000002,Buckinghamshire,15.90,14.16,17.64,,1688.00,Persons,18+ yrs,
Smoking Prevalence (IHS),2011,E10000003,Cambridgeshire,19.16,17.30,21.02,,1728.00,Persons,18+ yrs,
Smoking Prevalence (IHS),2011,E10000006,Cumbria,20.65,18.70,22.60,,1656.00,Persons,18+ yrs,
Smoking Prevalence (IHS),2011,E10000007,Derbyshire,19.36,17.63,21.10,,1994.00,Persons,18+ yrs,
Smoking Prevalence (IHS),2011,E10000008,Devon,19.52,17.80,21.24,,2044.00,Persons,18+ yrs,
Smoking Prevalence (IHS),2011,E10000009,Dorset,16.41,14.69,18.13,,1781.00,Persons,18+ yrs,
Smoking Prevalence (IHS),2011,E10000011,East Sussex,19.66,17.61,21.72,,1435.00,Persons,18+ yrs,
Smoking Prevalence (IHS),2011,E10000012,Essex,18.88,17.58,20.17,,3514.00,Persons,18+ yrs,
Smoking Prevalence (IHS),2011,E10000013,Gloucestershire,17.88,15.93,19.83,,1485.00,Persons,18+ yrs,
Smoking Prevalence (IHS),2011,E10000014,Hampshire,17.15,15.83,18.47,,3141.00,Persons,18+ yrs,
Smoking Prevalence (IHS),2011,E10000015,Hertfordshire,20.01,18.54,21.49,,2817.00,Persons,18+ yrs,
Smoking Prevalence (IHS),2011,E10000016,Kent,20.66,19.32,22.01,,3485.00,Persons,18+ yrs,
Smoking Prevalence (IHS),2011,E10000017,Lancashire,20.10,18.68,21.51,,3094.00,Persons,18+ yrs,
Smoking Prevalence (IHS),2011,E10000018,Leicestershire,16.50,14.84,18.16,,1924.00,Persons,18+ yrs,
Smoking Prevalence (IHS),2011,E10000019,Lincolnshire,19.12,17.43,20.80,,2095.00,Persons,18+ yrs,
Smoking Prevalence (IHS),2011,E10000020,Norfolk,21.30,19.65,22.95,,2364.00,Persons,18+ yrs,
Smoking Prevalence (IHS),2011,E10000021,Northamptonshire,21.95,20.01,23.89,,1753.00,Persons,18+ yrs,
Smoking Prevalence (IHS),2011,E10000023,North Yorkshire,16.48,14.74,18.22,,1745.00,Persons,18+ yrs,
Smoking Prevalence (IHS),2011,E10000024,Nottinghamshire,20.77,19.01,22.52,,2051.00,Persons,18+ yrs,
Smoking Prevalence (IHS),2011,E10000025,Oxfordshire,18.55,16.71,20.40,,1700.00,Persons,18+ yrs,
Smoking Prevalence (IHS),2011,E10000027,Somerset,18.92,16.97,20.88,,1537.00,Persons,18+ yrs,
Smoking Prevalence (IHS),2011,E10000028,Staffordshire,19.07,17.48,20.65,,2360.00,Persons,18+ yrs,
Smoking Prevalence (IHS),2011,E10000029,Suffolk,20.31,18.56,22.07,,2022.00,Persons,18+ yrs,
Smoking Prevalence (IHS),2011,E10000030,Surrey,15.67,14.30,17.04,,2689.00,Persons,18+ yrs,
Smoking Prevalence (IHS),2011,E10000031,Warwickshire,18.73,16.83,20.64,,1615.00,Persons,18+ yrs,
Smoking Prevalence (IHS),2011,E10000032,West Sussex,17.77,16.09,19.46,,1986.00,Persons,18+ yrs,
Smoking Prevalence (IHS),2011,E10000034,Worcestershire,18.47,16.48,20.45,,1471.00,Persons,18+ yrs,
Smoking Prevalence (IHS),2012,E06000001,Hartlepool,28.24,26.01,30.46,,1572.00,Persons,18+ yrs,
Smoking Prevalence (IHS),2012,E06000002,Middlesbrough,24.37,22.14,26.60,,1419.00,Persons,18+ yrs,
Smoking Prevalence (IHS),2012,E06000003,Redcar and Cleveland,21.84,19.70,23.98,,1431.00,Persons,18+ yrs,
Smoking Prevalence (IHS),2012,E06000004,Stockton-on-Tees,21.55,19.30,23.80,,1286.00,Persons,18+ yrs,
Smoking Prevalence (IHS),2012,E06000005,Darlington,21.29,19.14,23.43,,1396.00,Persons,18+ yrs,
Smoking Prevalence (IHS),2012,E06000006,Halton,22.65,20.36,24.94,,1284.00,Persons,18+ yrs,
Smoking Prevalence (IHS),2012,E06000007,Warrington,17.83,15.59,20.06,,1125.00,Persons,18+ yrs,
Smoking Prevalence (IHS),2012,E06000008,Blackburn with Darwen,25.81,23.50,28.11,,1387.00,Persons,18+ yrs,
Smoking Prevalence (IHS),2012,E06000009,Blackpool,29.47,27.12,31.83,,1436.00,Persons,18+ yrs,
Smoking Prevalence (IHS),2012,E06000010,Kingston upon Hull,29.76,27.42,32.09,,1473.00,Persons,18+ yrs,
Smoking Prevalence (IHS),2012,E06000011,East Riding of Yorkshire,19.12,16.99,21.24,,1312.00,Persons,18+ yrs,
Smoking Prevalence (IHS),2012,E06000012,North East Lincolnshire,25.83,23.54,28.12,,1403.00,Persons,18+ yrs,
Smoking Prevalence (IHS),2012,E06000013,North Lincolnshire,24.52,22.28,26.76,,1420.00,Persons,18+ yrs,
Smoking Prevalence (IHS),2012,E06000014,York,17.62,15.58,19.66,,1341.00,Persons,18+ yrs,
Smoking Prevalence (IHS),2012,E06000015,Derby,19.77,17.71,21.82,,1439.00,Persons,18+ yrs,
Smoking Prevalence (IHS),2012,E06000016,Leicester,20.52,18.49,22.54,,1529.00,Persons,18+ yrs,
Smoking Prevalence (IHS),2012,E06000017,Rutland,13.04,9.67,16.41,,383.00,Persons,18+ yrs,
Smoking Prevalence (IHS),2012,E06000018,Nottingham,24.41,22.30,26.51,,1596.00,Persons,18+ yrs,
Smoking Prevalence (IHS),2012,E06000019,Herefordshire,16.66,14.73,18.59,,1433.00,Persons,18+ yrs,
Smoking Prevalence (IHS),2012,E06000020,Telford and Wrekin,22.81,20.57,25.05,,1349.00,Persons,18+ yrs,
Smoking Prevalence (IHS),2012,E06000021,Stoke-on-Trent,28.05,25.51,30.58,,1207.00,Persons,18+ yrs,
Smoking Prevalence (IHS),2012,E06000022,Bath and North East Somerset,16.66,14.69,18.64,,1370.00,Persons,18+ yrs,
Smoking Prevalence (IHS),2012,E06000023,Bristol,21.30,18.93,23.67,,1147.00,Persons,18+ yrs,
Smoking Prevalence (IHS),2012,E06000024,North Somerset,14.78,12.82,16.75,,1252.00,Persons,18+ yrs,
Smoking Prevalence (IHS),2012,E06000025,South Gloucestershire,17.48,15.24,19.72,,1103.00,Persons,18+ yrs,
Smoking Prevalence (IHS),2012,E06000026,Plymouth,23.96,21.84,26.07,,1566.00,Persons,18+ yrs,
Smoking Prevalence (IHS),2012,E06000027,Torbay,21.08,19.06,23.10,,1570.00,Persons,18+ yrs,
Smoking Prevalence (IHS),2012,E06000028,Bournemouth,19.50,17.50,21.49,,1516.00,Persons,18+ yrs,
Smoking Prevalence (IHS),2012,E06000029,Poole,19.50,17.40,21.59,,1372.00,Persons,18+ yrs,
Smoking Prevalence (IHS),2012,E06000030,Swindon,21.46,19.10,23.83,,1155.00,Persons,18+ yrs,
Smoking Prevalence (IHS),2012,E06000031,Peterborough,21.06,18.67,23.45,,1119.00,Persons,18+ yrs,
Smoking Prevalence (IHS),2012,E06000032,Luton,21.22,18.98,23.46,,1281.00,Persons,18+ yrs,
Smoking Prevalence (IHS),2012,E06000033,Southend-on-Sea,22.03,19.77,24.30,,1286.00,Persons,18+ yrs,
Smoking Prevalence (IHS),2012,E06000034,Thurrock,20.73,18.35,23.11,,1116.00,Persons,18+ yrs,
Smoking Prevalence (IHS),2012,E06000035,Medway,25.65,23.40,27.90,,1448.00,Persons,18+ yrs,
Smoking Prevalence (IHS),2012,E06000036,Bracknell Forest,17.75,15.69,19.82,,1313.00,Persons,18+ yrs,
Smoking Prevalence (IHS),2012,E06000037,West Berkshire,18.76,16.59,20.94,,1238.00,Persons,18+ yrs,
Smoking Prevalence (IHS),2012,E06000038,Reading,19.97,17.89,22.05,,1417.00,Persons,18+ yrs,
Smoking Prevalence (IHS),2012,E06000039,Slough,21.35,19.05,23.66,,1214.00,Persons,18+ yrs,
Smoking Prevalence (IHS),2012,E06000040,Windsor and Maidenhead,14.76,12.80,16.71,,1263.00,Persons,18+ yrs,
Smoking Prevalence (IHS),2012,E06000041,Wokingham,12.76,10.82,14.70,,1138.00,Persons,18+ yrs,
Smoking Prevalence (IHS),2012,E06000042,Milton Keynes,18.08,16.02,20.15,,1332.00,Persons,18+ yrs,
Smoking Prevalence (IHS),2012,E06000043,Brighton and Hove,23.66,21.42,25.90,,1380.00,Persons,18+ yrs,
Smoking Prevalence (IHS),2012,E06000044,Portsmouth,22.50,20.27,24.73,,1347.00,Persons,18+ yrs,
Smoking Prevalence (IHS),2012,E06000045,Southampton,22.52,20.30,24.73,,1364.00,Persons,18+ yrs,
Smoking Prevalence (IHS),2012,E06000046,Isle of Wight,19.72,17.87,21.57,,1775.00,Persons,18+ yrs,
Smoking Prevalence (IHS),2012,E06000047,County Durham,22.20,19.98,24.42,,1348.00,Persons,18+ yrs,
Smoking Prevalence (IHS),2012,E06000049,Cheshire East,16.26,13.79,18.74,,853.00,Persons,18+ yrs,
Smoking Prevalence (IHS),2012,E06000050,Cheshire West and Chester,15.04,12.31,17.77,,658.00,Persons,18+ yrs,
Smoking Prevalence (IHS),2012,E06000051,Shropshire,19.81,17.60,22.01,,1256.00,Persons,18+ yrs,
Smoking Prevalence (IHS),2012,E06000052,Cornwall,20.30,18.33,22.27,,1607.00,Persons,18+ yrs,Value for Cornwall & Isles of Scilly combined
Smoking Prevalence (IHS),2012,E06000053,Isles of Scilly,,,,,,Persons,18+ yrs,Value for Cornwall & Isles of Scilly combined
Smoking Prevalence (IHS),2012,E06000054,Wiltshire,17.23,15.15,19.31,,1269.00,Persons,18+ yrs,
Smoking Prevalence (IHS),2012,E06000055,Bedford,17.39,13.58,21.20,,380.00,Persons,18+ yrs,
Smoking Prevalence (IHS),2012,E06000056,Central Bedfordshire,18.29,15.39,21.19,,682.00,Persons,18+ yrs,
Smoking Prevalence (IHS),2012,E06000057,Northumberland,17.65,15.62,19.67,,1361.00,Persons,18+ yrs,
Smoking Prevalence (IHS),2012,E08000001,Bolton,22.90,20.61,25.19,,1296.00,Persons,18+ yrs,
Smoking Prevalence (IHS),2012,E08000002,Bury,20.85,18.51,23.20,,1149.00,Persons,18+ yrs,
Smoking Prevalence (IHS),2012,E08000003,Manchester,24.63,22.48,26.77,,1551.00,Persons,18+ yrs,
Smoking Prevalence (IHS),2012,E08000004,Oldham,24.55,22.26,26.83,,1362.00,Persons,18+ yrs,
Smoking Prevalence (IHS),2012,E08000005,Rochdale,23.92,21.75,26.10,,1478.00,Persons,18+ yrs,
Smoking Prevalence (IHS),2012,E08000006,Salford,26.34,24.01,28.66,,1376.00,Persons,18+ yrs,
Smoking Prevalence (IHS),2012,E08000007,Stockport,19.46,17.37,21.55,,1377.00,Persons,18+ yrs,
Smoking Prevalence (IHS),2012,E08000008,Tameside,25.03,22.67,27.40,,1290.00,Persons,18+ yrs,
Smoking Prevalence (IHS),2012,E08000009,Trafford,20.77,18.56,22.98,,1293.00,Persons,18+ yrs,
Smoking Prevalence (IHS),2012,E08000010,Wigan,21.85,19.67,24.02,,1388.00,Persons,18+ yrs,
Smoking Prevalence (IHS),2012,E08000011,Knowsley,23.58,21.32,25.85,,1353.00,Persons,18+ yrs,
Smoking Prevalence (IHS),2012,E08000012,Liverpool,24.47,22.30,26.64,,1512.00,Persons,18+ yrs,
Smoking Prevalence (IHS),2012,E08000013,St. Helens,23.06,20.79,25.33,,1323.00,Persons,18+ yrs,
Smoking Prevalence (IHS),2012,E08000014,Sefton,19.73,17.50,21.97,,1218.00,Persons,18+ yrs,
Smoking Prevalence (IHS),2012,E08000015,Wirral,18.35,16.31,20.40,,1375.00,Persons,18+ yrs,
Smoking Prevalence (IHS),2012,E08000016,Barnsley,23.64,21.43,25.85,,1420.00,Persons,18+ yrs,
Smoking Prevalence (IHS),2012,E08000017,Doncaster,25.34,23.08,27.61,,1415.00,Persons,18+ yrs,
Smoking Prevalence (IHS),2012,E08000018,Rotherham,22.69,20.53,24.84,,1450.00,Persons,18+ yrs,
Smoking Prevalence (IHS),2012,E08000019,Sheffield,23.25,21.05,25.44,,1423.00,Persons,18+ yrs,
Smoking Prevalence (IHS),2012,E08000021,Newcastle upon Tyne,22.87,20.61,25.13,,1328.00,Persons,18+ yrs,
Smoking Prevalence (IHS),2012,E08000022,North Tyneside,22.99,20.73,25.24,,1342.00,Persons,18+ yrs,
Smoking Prevalence (IHS),2012,E08000023,South Tyneside,20.71,18.71,22.71,,1575.00,Persons,18+ yrs,
Smoking Prevalence (IHS),2012,E08000024,Sunderland,23.43,21.26,25.59,,1467.00,Persons,18+ yrs,
Smoking Prevalence (IHS),2012,E08000025,Birmingham,17.46,15.77,19.14,,1957.00,Persons,18+ yrs,
Smoking Prevalence (IHS),2012,E08000026,Coventry,17.92,15.92,19.91,,1419.00,Persons,18+ yrs,
Smoking Prevalence (IHS),2012,E08000027,Dudley,18.66,16.55,20.76,,1311.00,Persons,18+ yrs,
Smoking Prevalence (IHS),2012,E08000028,Sandwell,22.76,20.75,24.78,,1663.00,Persons,18+ yrs,
Smoking Prevalence (IHS),2012,E08000029,Solihull,12.07,10.46,13.68,,1568.00,Persons,18+ yrs,
Smoking Prevalence (IHS),2012,E08000030,Walsall,23.64,21.35,25.94,,1315.00,Persons,18+ yrs,
Smoking Prevalence (IHS),2012,E08000031,Wolverhampton,22.85,20.78,24.92,,1582.00,Persons,18+ yrs,
Smoking Prevalence (IHS),2012,E08000032,Bradford,22.79,20.59,25.00,,1386.00,Persons,18+ yrs,
Smoking Prevalence (IHS),2012,E08000033,Calderdale,23.70,21.36,26.03,,1274.00,Persons,18+ yrs,
Smoking Prevalence (IHS),2012,E08000034,Kirklees,20.38,18.12,22.64,,1220.00,Persons,18+ yrs,
Smoking Prevalence (IHS),2012,E08000035,Leeds,23.59,21.61,25.57,,1769.00,Persons,18+ yrs,
Smoking Prevalence (IHS),2012,E08000036,Wakefield,24.78,22.55,27.01,,1438.00,Persons,18+ yrs,
Smoking Prevalence (IHS),2012,E08000037,Gateshead,22.87,20.57,25.17,,1282.00,Persons,18+ yrs,
Smoking Prevalence (IHS),2012,E09000001,City of London,,,,,,Persons,18+ yrs,Disclosure control applied
Smoking Prevalence (IHS),2012,E09000002,Barking and Dagenham,21.92,18.90,24.93,,724.00,Persons,18+ yrs,
Smoking Prevalence (IHS),2012,E09000003,Barnet,13.87,11.20,16.53,,645.00,Persons,18+ yrs,
Smoking Prevalence (IHS),2012,E09000004,Bexley,17.66,14.84,20.49,,700.00,Persons,18+ yrs,
Smoking Prevalence (IHS),2012,E09000005,Brent,15.21,12.99,17.44,,1000.00,Persons,18+ yrs,
Smoking Prevalence (IHS),2012,E09000006,Bromley,17.84,15.14,20.54,,774.00,Persons,18+ yrs,
Smoking Prevalence (IHS),2012,E09000007,Camden,17.87,15.05,20.69,,709.00,Persons,18+ yrs,
Smoking Prevalence (IHS),2012,E09000008,Croydon,17.08,14.12,20.05,,619.00,Persons,18+ yrs,
Smoking Prevalence (IHS),2012,E09000009,Ealing,19.58,16.78,22.38,,771.00,Persons,18+ yrs,
Smoking Prevalence (IHS),2012,E09000010,Enfield,17.98,15.13,20.82,,699.00,Persons,18+ yrs,
Smoking Prevalence (IHS),2012,E09000011,Greenwich,18.40,15.70,21.10,,789.00,Persons,18+ yrs,
Smoking Prevalence (IHS),2012,E09000012,Hackney,22.55,19.65,25.46,,793.00,Persons,18+ yrs,
Smoking Prevalence (IHS),2012,E09000013,Hammersmith and Fulham,23.81,20.91,26.71,,827.00,Persons,18+ yrs,
Smoking Prevalence (IHS),2012,E09000014,Haringey,20.59,17.49,23.68,,656.00,Persons,18+ yrs,
Smoking Prevalence (IHS),2012,E09000015,Harrow,13.20,11.11,15.29,,1010.00,Persons,18+ yrs,
Smoking Prevalence (IHS),2012,E09000016,Havering,19.34,16.32,22.36,,657.00,Persons,18+ yrs,
Smoking Prevalence (IHS),2012,E09000017,Hillingdon,17.51,14.60,20.42,,654.00,Persons,18+ yrs,
Smoking Prevalence (IHS),2012,E09000018,Hounslow,16.94,14.23,19.64,,738.00,Persons,18+ yrs,
Smoking Prevalence (IHS),2012,E09000019,Islington,22.04,18.92,25.16,,678.00,Persons,18+ yrs,
Smoking Prevalence (IHS),2012,E09000020,Kensington and Chelsea,17.49,15.00,19.99,,892.00,Persons,18+ yrs,
Smoking Prevalence (IHS),2012,E09000021,Kingston upon Thames,15.14,12.51,17.77,,715.00,Persons,18+ yrs,
Smoking Prevalence (IHS),2012,E09000022,Lambeth,21.29,17.96,24.62,,580.00,Persons,18+ yrs,
Smoking Prevalence (IHS),2012,E09000023,Lewisham,21.39,18.27,24.52,,662.00,Persons,18+ yrs,
Smoking Prevalence (IHS),2012,E09000024,Merton,15.20,12.73,17.67,,809.00,Persons,18+ yrs,
Smoking Prevalence (IHS),2012,E09000025,Newham,15.71,13.27,18.14,,861.00,Persons,18+ yrs,
Smoking Prevalence (IHS),2012,E09000026,Redbridge,14.72,12.33,17.10,,847.00,Persons,18+ yrs,
Smoking Prevalence (IHS),2012,E09000027,Richmond upon Thames,14.01,11.23,16.78,,601.00,Persons,18+ yrs,
Smoking Prevalence (IHS),2012,E09000028,Southwark,19.70,16.83,22.56,,739.00,Persons,18+ yrs,
Smoking Prevalence (IHS),2012,E09000029,Sutton,16.85,13.87,19.83,,607.00,Persons,18+ yrs,
Smoking Prevalence (IHS),2012,E09000030,Tower Hamlets,19.33,16.58,22.08,,791.00,Persons,18+ yrs,
Smoking Prevalence (IHS),2012,E09000031,Waltham Forest,23.07,19.85,26.29,,659.00,Persons,18+ yrs,
Smoking Prevalence (IHS),2012,E09000032,Wandsworth,13.78,11.09,16.48,,628.00,Persons,18+ yrs,
Smoking Prevalence (IHS),2012,E09000033,Westminster,17.03,14.50,19.55,,851.00,Persons,18+ yrs,
Smoking Prevalence (IHS),2012,E10000002,Buckinghamshire,13.88,12.07,15.69,,1400.00,Persons,18+ yrs,
Smoking Prevalence (IHS),2012,E10000003,Cambridgeshire,17.86,15.84,19.88,,1380.00,Persons,18+ yrs,
Smoking Prevalence (IHS),2012,E10000006,Cumbria,20.89,18.80,22.99,,1447.00,Persons,18+ yrs,
Smoking Prevalence (IHS),2012,E10000007,Derbyshire,17.76,15.88,19.64,,1588.00,Persons,18+ yrs,
Smoking Prevalence (IHS),2012,E10000008,Devon,16.80,15.06,18.54,,1777.00,Persons,18+ yrs,
Smoking Prevalence (IHS),2012,E10000009,Dorset,16.54,14.71,18.37,,1587.00,Persons,18+ yrs,
Smoking Prevalence (IHS),2012,E10000011,East Sussex,17.68,15.72,19.64,,1452.00,Persons,18+ yrs,
Smoking Prevalence (IHS),2012,E10000012,Essex,18.33,16.88,19.79,,2720.00,Persons,18+ yrs,
Smoking Prevalence (IHS),2012,E10000013,Gloucestershire,17.47,15.45,19.48,,1361.00,Persons,18+ yrs,
Smoking Prevalence (IHS),2012,E10000014,Hampshire,16.38,15.02,17.73,,2871.00,Persons,18+ yrs,
Smoking Prevalence (IHS),2012,E10000015,Hertfordshire,17.66,16.11,19.21,,2327.00,Persons,18+ yrs,
Smoking Prevalence (IHS),2012,E10000016,Kent,20.91,19.45,22.36,,3014.00,Persons,18+ yrs,
Smoking Prevalence (IHS),2012,E10000017,Lancashire,20.65,19.01,22.28,,2357.00,Persons,18+ yrs,
Smoking Prevalence (IHS),2012,E10000018,Leicestershire,18.81,16.92,20.71,,1632.00,Persons,18+ yrs,
Smoking Prevalence (IHS),2012,E10000019,Lincolnshire,20.88,18.94,22.83,,1684.00,Persons,18+ yrs,
Smoking Prevalence (IHS),2012,E10000020,Norfolk,19.11,17.39,20.84,,2005.00,Persons,18+ yrs,
Smoking Prevalence (IHS),2012,E10000021,Northamptonshire,20.95,18.71,23.19,,1270.00,Persons,18+ yrs,
Smoking Prevalence (IHS),2012,E10000023,North Yorkshire,18.89,16.78,21.00,,1320.00,Persons,18+ yrs,
Smoking Prevalence (IHS),2012,E10000024,Nottinghamshire,19.41,17.49,21.33,,1634.00,Persons,18+ yrs,
Smoking Prevalence (IHS),2012,E10000025,Oxfordshire,14.84,13.00,16.68,,1428.00,Persons,18+ yrs,
Smoking Prevalence (IHS),2012,E10000027,Somerset,17.46,15.42,19.49,,1339.00,Persons,18+ yrs,
Smoking Prevalence (IHS),2012,E10000028,Staffordshire,17.00,15.28,18.73,,1830.00,Persons,18+ yrs,
Smoking Prevalence (IHS),2012,E10000029,Suffolk,19.56,17.73,21.38,,1811.00,Persons,18+ yrs,
Smoking Prevalence (IHS),2012,E10000030,Surrey,14.67,13.20,16.13,,2240.00,Persons,18+ yrs,
Smoking Prevalence (IHS),2012,E10000031,Warwickshire,17.93,15.80,20.05,,1251.00,Persons,18+ yrs,
Smoking Prevalence (IHS),2012,E10000032,West Sussex,19.06,17.21,20.91,,1731.00,Persons,18+ yrs,
Smoking Prevalence (IHS),2012,E10000034,Worcestershire,17.71,15.68,19.73,,1365.00,Persons,18+ yrs,
